"행정구역별(시군구)","성별","연령",2023,2023,2023,2023,2023,2023,2023,2023
"행정구역별(시군구)","성별","연령",1인가구,주택_계,주택_단독주택,주택_아파트,주택_연립주택,주택_다세대 주택,주택_비주거용 건물 내 주택,주택 이외의 거처_계
"전국","계","합계",7829035,6927942,3138536,2734369,141176,774036,139825,901093
"전국","계","20세 미만",48486,43197,31605,6250,387,3014,1941,5289
"전국","계","20~24",494745,417850,282616,68066,4774,45992,16402,76895
"전국","계","25~29",910457,710721,355719,214345,11874,107377,21406,199736
"전국","계","30~34",826902,663992,264572,273646,11698,99622,14454,162910
"전국","계","35~39",527467,441568,162227,203675,7898,59363,8405,85899
"전국","계","40~44",512605,443172,167457,204832,8604,53896,8383,69433
"전국","계","45~49",476139,419695,167214,188293,8344,47608,8236,56444
"전국","계","50~54",585587,523626,221013,225486,10860,55827,10440,61961
"전국","계","55~59",598564,545907,242782,224571,12027,55463,11064,52657
"전국","계","60~64",709976,660454,292848,274801,15027,65354,12424,49522
"전국","계","65~69",644547,609451,264389,260895,14685,59164,10318,35096
"전국","계","70~74",469016,450711,195470,195082,11388,42529,6242,18305
"전국","계","75~79",391978,380206,169318,161730,9817,34829,4512,11772
"전국","계","80~84",357144,348613,174332,134979,8429,27499,3374,8531
"전국","계","85세 이상",275422,268779,146974,97718,5364,16499,2224,6643
"전국","남자","합계",3921561,3415970,1704269,1195865,62794,373058,79984,505591
"전국","남자","20세 미만",22706,20523,15350,2844,184,1277,868,2183
"전국","남자","20~24",222510,196085,139498,27940,2012,19086,7549,26425
"전국","남자","25~29",489169,396683,215446,108444,6333,54137,12323,92486
"전국","남자","30~34",513180,419904,177107,167691,7188,58649,9269,93276
"전국","남자","35~39",340600,288777,110617,131912,5037,35580,5631,51823
"전국","남자","40~44",328825,285115,116049,125204,5390,32750,5722,43710
"전국","남자","45~49",298738,260847,116408,104964,5097,28650,5728,37891
"전국","남자","50~54",354876,310979,153187,112227,6098,32312,7155,43897
"전국","남자","55~59",336326,298484,159844,96612,6008,28718,7302,37842
"전국","남자","60~64",351444,317570,175397,100233,6214,28484,7242,33874
"전국","남자","65~69",275745,253552,136818,84033,5146,22176,5379,22193
"전국","남자","70~74",162054,151957,79047,53592,3245,13356,2717,10097
"전국","남자","75~79",103057,97832,48892,36433,2203,8712,1592,5225
"전국","남자","80~84",72161,69132,35475,25334,1583,5756,984,3029
"전국","남자","85세 이상",50170,48530,25134,18402,1056,3415,523,1640
"전국","여자","합계",3907474,3511972,1434267,1538504,78382,400978,59841,395502
"전국","여자","20세 미만",25780,22674,16255,3406,203,1737,1073,3106
"전국","여자","20~24",272235,221765,143118,40126,2762,26906,8853,50470
"전국","여자","25~29",421288,314038,140273,105901,5541,53240,9083,107250
"전국","여자","30~34",313722,244088,87465,105955,4510,40973,5185,69634
"전국","여자","35~39",186867,152791,51610,71763,2861,23783,2774,34076
"전국","여자","40~44",183780,158057,51408,79628,3214,21146,2661,25723
"전국","여자","45~49",177401,158848,50806,83329,3247,18958,2508,18553
"전국","여자","50~54",230711,212647,67826,113259,4762,23515,3285,18064
"전국","여자","55~59",262238,247423,82938,127959,6019,26745,3762,14815
"전국","여자","60~64",358532,342884,117451,174568,8813,36870,5182,15648
"전국","여자","65~69",368802,355899,127571,176862,9539,36988,4939,12903
"전국","여자","70~74",306962,298754,116423,141490,8143,29173,3525,8208
"전국","여자","75~79",288921,282374,120426,125297,7614,26117,2920,6547
"전국","여자","80~84",284983,279481,138857,109645,6846,21743,2390,5502
"전국","여자","85세 이상",225252,220249,121840,79316,4308,13084,1701,5003
"읍부","계","합계",731125,680033,322783,285465,20982,39445,11358,51092
"읍부","계","20세 미만",3749,3325,2496,583,52,98,96,424
"읍부","계","20~24",33721,31072,22626,6002,466,1288,690,2649
"읍부","계","25~29",61269,53974,28110,20756,1423,2868,817,7295
"읍부","계","30~34",59998,53944,22807,26199,1297,2887,754,6054
"읍부","계","35~39",43688,40021,15372,20868,957,2284,540,3667
"읍부","계","40~44",48583,44989,17300,22954,1334,2715,686,3594
"읍부","계","45~49",49539,45775,18338,22241,1369,2998,829,3764
"읍부","계","50~54",62871,57832,23781,27033,1900,3968,1150,5039
"읍부","계","55~59",65764,60561,26155,26931,2111,4124,1240,5203
"읍부","계","60~64",75251,70127,31304,30492,2437,4476,1418,5124
"읍부","계","65~69",65406,61828,27824,26715,2283,3887,1119,3578
"읍부","계","70~74",48405,46451,22293,19109,1700,2588,761,1954
"읍부","계","75~79",40975,39805,20734,14848,1452,2236,535,1170
"읍부","계","80~84",39957,39091,23189,12319,1323,1836,424,866
"읍부","계","85세 이상",31949,31238,20454,8415,878,1192,299,711
"읍부","남자","합계",390272,356961,178749,141591,9626,20609,6386,33311
"읍부","남자","20세 미만",2040,1795,1395,273,30,42,55,245
"읍부","남자","20~24",18163,16888,12467,3132,237,663,389,1275
"읍부","남자","25~29",38717,34481,18951,12303,883,1810,534,4236
"읍부","남자","30~34",42024,37885,16717,17772,850,2022,524,4139
"읍부","남자","35~39",31573,28922,11506,14809,628,1601,378,2651
"읍부","남자","40~44",34482,31796,13017,15565,871,1870,473,2686
"읍부","남자","45~49",33647,30751,13649,13791,829,1931,551,2896
"읍부","남자","50~54",40112,36325,17151,14926,1074,2436,738,3787
"읍부","남자","55~59",38519,34733,17716,12840,1106,2299,772,3786
"읍부","남자","60~64",39503,36084,19348,12756,1057,2174,749,3419
"읍부","남자","65~69",29621,27389,14679,9630,835,1651,594,2232
"읍부","남자","70~74",17408,16375,8738,5974,481,880,302,1033
"읍부","남자","75~79",11041,10563,5710,3745,339,603,166,478
"읍부","남자","80~84",7741,7442,4264,2465,247,375,91,299
"읍부","남자","85세 이상",5681,5532,3441,1610,159,252,70,149
"읍부","여자","합계",340853,323072,144034,143874,11356,18836,4972,17781
"읍부","여자","20세 미만",1709,1530,1101,310,22,56,41,179
"읍부","여자","20~24",15558,14184,10159,2870,229,625,301,1374
"읍부","여자","25~29",22552,19493,9159,8453,540,1058,283,3059
"읍부","여자","30~34",17974,16059,6090,8427,447,865,230,1915
"읍부","여자","35~39",12115,11099,3866,6059,329,683,162,1016
"읍부","여자","40~44",14101,13193,4283,7389,463,845,213,908
"읍부","여자","45~49",15892,15024,4689,8450,540,1067,278,868
"읍부","여자","50~54",22759,21507,6630,12107,826,1532,412,1252
"읍부","여자","55~59",27245,25828,8439,14091,1005,1825,468,1417
"읍부","여자","60~64",35748,34043,11956,17736,1380,2302,669,1705
"읍부","여자","65~69",35785,34439,13145,17085,1448,2236,525,1346
"읍부","여자","70~74",30997,30076,13555,13135,1219,1708,459,921
"읍부","여자","75~79",29934,29242,15024,11103,1113,1633,369,692
"읍부","여자","80~84",32216,31649,18925,9854,1076,1461,333,567
"읍부","여자","85세 이상",26268,25706,17013,6805,719,940,229,562
"면부","계","합계",808317,748310,598894,109839,9750,19583,10244,60007
"면부","계","20세 미만",3317,3007,2611,205,31,55,105,310
"면부","계","20~24",25514,23552,19254,3114,218,452,514,1962
"면부","계","25~29",34165,29000,17190,9351,729,1215,515,5165
"면부","계","30~34",32757,28023,14628,11019,670,1247,459,4734
"면부","계","35~39",25705,22416,11940,8661,453,989,373,3289
"면부","계","40~44",31261,27416,15534,9421,593,1372,496,3845
"면부","계","45~49",36250,31893,20150,9090,617,1419,617,4357
"면부","계","50~54",56048,49646,35099,10663,871,2054,959,6402
"면부","계","55~59",74429,66679,51631,10501,1038,2267,1242,7750
"면부","계","60~64",99547,91163,74325,11568,1174,2546,1550,8384
"면부","계","65~69",92006,86161,72403,9438,1034,2040,1246,5845
"면부","계","70~74",72836,69670,60742,6013,729,1384,802,3166
"면부","계","75~79",67942,65936,59138,4502,663,1037,596,2006
"면부","계","80~84",81091,79567,73929,3704,567,906,461,1524
"면부","계","85세 이상",75449,74181,70320,2589,363,600,309,1268
"면부","남자","합계",404224,362593,281361,59891,4961,10671,5709,41631
"면부","남자","20세 미만",1796,1602,1397,116,11,21,57,194
"면부","남자","20~24",14576,13254,10682,1901,139,254,278,1322
"면부","남자","25~29",23520,19763,12068,6021,491,826,357,3757
"면부","남자","30~34",23723,20108,10611,7777,461,940,319,3615
"면부","남자","35~39",18967,16339,8801,6238,329,708,263,2628
"면부","남자","40~44",23143,20019,11623,6647,410,973,366,3124
"면부","남자","45~49",25899,22386,14858,5728,391,970,439,3513
"면부","남자","50~54",38392,33480,24991,6061,517,1299,612,4912
"면부","남자","55~59",48214,42603,34571,5381,580,1322,749,5611
"면부","남자","60~64",60229,54484,46464,5284,557,1307,872,5745
"면부","남자","65~69",49090,45404,39536,3905,429,901,633,3686
"면부","남자","70~74",30207,28417,25008,2264,269,518,358,1790
"면부","남자","75~79",18992,18071,16084,1282,192,308,205,921
"면부","남자","80~84",14997,14476,13248,794,114,191,129,521
"면부","남자","85세 이상",12479,12187,11419,492,71,133,72,292
"면부","여자","합계",404093,385717,317533,49948,4789,8912,4535,18376
"면부","여자","20세 미만",1521,1405,1214,89,20,34,48,116
"면부","여자","20~24",10938,10298,8572,1213,79,198,236,640
"면부","여자","25~29",10645,9237,5122,3330,238,389,158,1408
"면부","여자","30~34",9034,7915,4017,3242,209,307,140,1119
"면부","여자","35~39",6738,6077,3139,2423,124,281,110,661
"면부","여자","40~44",8118,7397,3911,2774,183,399,130,721
"면부","여자","45~49",10351,9507,5292,3362,226,449,178,844
"면부","여자","50~54",17656,16166,10108,4602,354,755,347,1490
"면부","여자","55~59",26215,24076,17060,5120,458,945,493,2139
"면부","여자","60~64",39318,36679,27861,6284,617,1239,678,2639
"면부","여자","65~69",42916,40757,32867,5533,605,1139,613,2159
"면부","여자","70~74",42629,41253,35734,3749,460,866,444,1376
"면부","여자","75~79",48950,47865,43054,3220,471,729,391,1085
"면부","여자","80~84",66094,65091,60681,2910,453,715,332,1003
"면부","여자","85세 이상",62970,61994,58901,2097,292,467,237,976
"동부","계","합계",6289593,5499599,2216859,2339065,110444,715008,118223,789994
"동부","계","20세 미만",41420,36865,26498,5462,304,2861,1740,4555
"동부","계","20~24",435510,363226,240736,58950,4090,44252,15198,72284
"동부","계","25~29",815023,627747,310419,184238,9722,103294,20074,187276
"동부","계","30~34",734147,582025,227137,236428,9731,95488,13241,152122
"동부","계","35~39",458074,379131,134915,174146,6488,56090,7492,78943
"동부","계","40~44",432761,370767,134623,172457,6677,49809,7201,61994
"동부","계","45~49",390350,342027,128726,156962,6358,43191,6790,48323
"동부","계","50~54",466668,416148,162133,187790,8089,49805,8331,50520
"동부","계","55~59",458371,418667,164996,187139,8878,49072,8582,39704
"동부","계","60~64",535178,499164,187219,232741,11416,58332,9456,36014
"동부","계","65~69",487135,461462,164162,224742,11368,53237,7953,25673
"동부","계","70~74",347775,334590,112435,169960,8959,38557,4679,13185
"동부","계","75~79",283061,274465,89446,142380,7702,31556,3381,8596
"동부","계","80~84",236096,229955,77214,118956,6539,24757,2489,6141
"동부","계","85세 이상",168024,163360,56200,86714,4123,14707,1616,4664
"동부","남자","합계",3127065,2696416,1244159,994383,48207,341778,67889,430649
"동부","남자","20세 미만",18870,17126,12558,2455,143,1214,756,1744
"동부","남자","20~24",189771,165943,116349,22907,1636,18169,6882,23828
"동부","남자","25~29",426932,342439,184427,90120,4959,51501,11432,84493
"동부","남자","30~34",447433,361911,149779,142142,5877,55687,8426,85522
"동부","남자","35~39",290060,243516,90310,110865,4080,33271,4990,46544
"동부","남자","40~44",271200,233300,91409,102992,4109,29907,4883,37900
"동부","남자","45~49",239192,207710,87901,85445,3877,25749,4738,31482
"동부","남자","50~54",276372,241174,111045,91240,4507,28577,5805,35198
"동부","남자","55~59",249593,221148,107557,78391,4322,25097,5781,28445
"동부","남자","60~64",251712,227002,109585,82193,4600,25003,5621,24710
"동부","남자","65~69",197034,180759,82603,70498,3882,19624,4152,16275
"동부","남자","70~74",114439,107165,45301,45354,2495,11958,2057,7274
"동부","남자","75~79",73024,69198,27098,31406,1672,7801,1221,3826
"동부","남자","80~84",49423,47214,17963,22075,1222,5190,764,2209
"동부","남자","85세 이상",32010,30811,10274,16300,826,3030,381,1199
"동부","여자","합계",3162528,2803183,972700,1344682,62237,373230,50334,359345
"동부","여자","20세 미만",22550,19739,13940,3007,161,1647,984,2811
"동부","여자","20~24",245739,197283,124387,36043,2454,26083,8316,48456
"동부","여자","25~29",388091,285308,125992,94118,4763,51793,8642,102783
"동부","여자","30~34",286714,220114,77358,94286,3854,39801,4815,66600
"동부","여자","35~39",168014,135615,44605,63281,2408,22819,2502,32399
"동부","여자","40~44",161561,137467,43214,69465,2568,19902,2318,24094
"동부","여자","45~49",151158,134317,40825,71517,2481,17442,2052,16841
"동부","여자","50~54",190296,174974,51088,96550,3582,21228,2526,15322
"동부","여자","55~59",208778,197519,57439,108748,4556,23975,2801,11259
"동부","여자","60~64",283466,272162,77634,150548,6816,33329,3835,11304
"동부","여자","65~69",290101,280703,81559,154244,7486,33613,3801,9398
"동부","여자","70~74",233336,227425,67134,124606,6464,26599,2622,5911
"동부","여자","75~79",210037,205267,62348,110974,6030,23755,2160,4770
"동부","여자","80~84",186673,182741,59251,96881,5317,19567,1725,3932
"동부","여자","85세 이상",136014,132549,45926,70414,3297,11677,1235,3465
"서울특별시","계","합계",1627480,1343126,563389,391733,26335,311116,50553,284354
"서울특별시","계","20세 미만",12508,10562,7361,1064,94,1165,878,1946
"서울특별시","계","20~24",132540,102791,61719,13177,1295,18717,7883,29749
"서울특별시","계","25~29",283426,206148,98684,36666,2938,55700,12160,77278
"서울특별시","계","30~34",240530,178618,69489,42622,3000,56256,7251,61912
"서울특별시","계","35~39",136268,105368,36962,30931,1986,31826,3663,30900
"서울특별시","계","40~44",109198,88590,31647,27974,1782,24182,3005,20608
"서울특별시","계","45~49",86783,72554,27531,23652,1483,17534,2354,14229
"서울특별시","계","50~54",96608,83174,34759,26450,1659,17576,2730,13434
"서울특별시","계","55~59",88560,78719,35867,23622,1586,15181,2463,9841
"서울특별시","계","60~64",106711,97691,42632,32236,2190,17992,2641,9020
"서울특별시","계","65~69",104700,97896,39217,36882,2359,17218,2220,6804
"서울특별시","계","70~74",77112,73477,26754,30218,1996,13245,1264,3635
"서울특별시","계","75~79",64818,62447,21555,27120,1782,11035,955,2371
"서울특별시","계","80~84",51315,49798,17354,21947,1349,8469,679,1517
"서울특별시","계","85세 이상",36403,35293,11858,17172,836,5020,407,1110
"서울특별시","남자","합계",760084,620948,295066,148649,10867,138229,28137,139136
"서울특별시","남자","20세 미만",4966,4338,3056,411,40,481,350,628
"서울특별시","남자","20~24",47317,39014,25464,3834,417,6189,3110,8303
"서울특별시","남자","25~29",129889,99490,53059,14317,1319,24339,6456,30399
"서울특별시","남자","30~34",130881,99853,41912,21986,1675,29968,4312,31028
"서울특별시","남자","35~39",76295,60067,22124,17279,1177,17196,2291,16228
"서울특별시","남자","40~44",60636,49320,19155,14526,986,12725,1928,11316
"서울특별시","남자","45~49",49170,40515,17145,11701,841,9220,1608,8655
"서울특별시","남자","50~54",56124,46748,22359,12354,893,9244,1898,9376
"서울특별시","남자","55~59",49124,41843,22509,9822,690,7071,1751,7281
"서울특별시","남자","60~64",51605,44967,24466,10984,816,6931,1770,6638
"서울특별시","남자","65~69",42435,37675,19403,10557,710,5707,1298,4760
"서울특별시","남자","70~74",25664,23382,10844,7616,474,3809,639,2282
"서울특별시","남자","75~79",17197,15961,6811,5849,380,2564,357,1236
"서울특별시","남자","80~84",11495,10829,4431,4145,277,1731,245,666
"서울특별시","남자","85세 이상",7286,6946,2328,3268,172,1054,124,340
"서울특별시","여자","합계",867396,722178,268323,243084,15468,172887,22416,145218
"서울특별시","여자","20세 미만",7542,6224,4305,653,54,684,528,1318
"서울특별시","여자","20~24",85223,63777,36255,9343,878,12528,4773,21446
"서울특별시","여자","25~29",153537,106658,45625,22349,1619,31361,5704,46879
"서울특별시","여자","30~34",109649,78765,27577,20636,1325,26288,2939,30884
"서울특별시","여자","35~39",59973,45301,14838,13652,809,14630,1372,14672
"서울특별시","여자","40~44",48562,39270,12492,13448,796,11457,1077,9292
"서울특별시","여자","45~49",37613,32039,10386,11951,642,8314,746,5574
"서울특별시","여자","50~54",40484,36426,12400,14096,766,8332,832,4058
"서울특별시","여자","55~59",39436,36876,13358,13800,896,8110,712,2560
"서울특별시","여자","60~64",55106,52724,18166,21252,1374,11061,871,2382
"서울특별시","여자","65~69",62265,60221,19814,26325,1649,11511,922,2044
"서울특별시","여자","70~74",51448,50095,15910,22602,1522,9436,625,1353
"서울특별시","여자","75~79",47621,46486,14744,21271,1402,8471,598,1135
"서울특별시","여자","80~84",39820,38969,12923,17802,1072,6738,434,851
"서울특별시","여자","85세 이상",29117,28347,9530,13904,664,3966,283,770
"부산광역시","계","합계",532509,453609,151210,209050,9247,76545,7557,78900
"부산광역시","계","20세 미만",3386,2812,1495,411,15,749,142,574
"부산광역시","계","20~24",38614,28062,10662,5141,223,11093,943,10552
"부산광역시","계","25~29",55974,36732,9428,12625,506,13366,807,19242
"부산광역시","계","30~34",47227,33549,7601,16647,502,8204,595,13678
"부산광역시","계","35~39",29186,22662,5294,12698,363,3951,356,6524
"부산광역시","계","40~44",29902,24634,6424,13803,385,3581,441,5268
"부산광역시","계","45~49",27595,23492,6987,12388,389,3296,432,4103
"부산광역시","계","50~54",36185,31610,10518,15583,582,4384,543,4575
"부산광역시","계","55~59",38524,34884,12898,16158,692,4517,619,3640
"부산광역시","계","60~64",51376,47789,17764,22641,1000,5592,792,3587
"부산광역시","계","65~69",53910,51096,18709,24636,1222,5793,736,2814
"부산광역시","계","70~74",41628,39957,14452,19590,1118,4355,442,1671
"부산광역시","계","75~79",33398,32216,11598,15918,946,3439,315,1182
"부산광역시","계","80~84",27704,26820,10206,12730,887,2759,238,884
"부산광역시","계","85세 이상",17900,17294,7174,8081,417,1466,156,606
"부산광역시","남자","합계",241800,202561,76502,80858,3519,37413,4269,39239
"부산광역시","남자","20세 미만",1418,1240,717,172,6,285,60,178
"부산광역시","남자","20~24",16522,13068,5364,1993,102,5091,518,3454
"부산광역시","남자","25~29",27933,19868,6050,5890,290,7129,509,8065
"부산광역시","남자","30~34",27809,20495,5084,9756,298,4979,378,7314
"부산광역시","남자","35~39",17865,14166,3536,7725,239,2410,256,3699
"부산광역시","남자","40~44",18162,15160,4413,7857,256,2330,304,3002
"부산광역시","남자","45~49",16604,14055,4832,6550,240,2131,302,2549
"부산광역시","남자","50~54",20888,17871,7144,7346,318,2688,375,3017
"부산광역시","남자","55~59",20390,17990,8242,6489,339,2519,401,2400
"부산광역시","남자","60~64",23135,20879,10030,7528,356,2539,426,2256
"부산광역시","남자","65~69",20993,19375,9016,7387,369,2238,365,1618
"부산광역시","남자","70~74",13047,12224,5462,4912,280,1385,185,823
"부산광역시","남자","75~79",8219,7767,3223,3399,188,842,115,452
"부산광역시","남자","80~84",5563,5301,2180,2343,159,565,54,262
"부산광역시","남자","85세 이상",3252,3102,1209,1511,79,282,21,150
"부산광역시","여자","합계",290709,251048,74708,128192,5728,39132,3288,39661
"부산광역시","여자","20세 미만",1968,1572,778,239,9,464,82,396
"부산광역시","여자","20~24",22092,14994,5298,3148,121,6002,425,7098
"부산광역시","여자","25~29",28041,16864,3378,6735,216,6237,298,11177
"부산광역시","여자","30~34",19418,13054,2517,6891,204,3225,217,6364
"부산광역시","여자","35~39",11321,8496,1758,4973,124,1541,100,2825
"부산광역시","여자","40~44",11740,9474,2011,5946,129,1251,137,2266
"부산광역시","여자","45~49",10991,9437,2155,5838,149,1165,130,1554
"부산광역시","여자","50~54",15297,13739,3374,8237,264,1696,168,1558
"부산광역시","여자","55~59",18134,16894,4656,9669,353,1998,218,1240
"부산광역시","여자","60~64",28241,26910,7734,15113,644,3053,366,1331
"부산광역시","여자","65~69",32917,31721,9693,17249,853,3555,371,1196
"부산광역시","여자","70~74",28581,27733,8990,14678,838,2970,257,848
"부산광역시","여자","75~79",25179,24449,8375,12519,758,2597,200,730
"부산광역시","여자","80~84",22141,21519,8026,10387,728,2194,184,622
"부산광역시","여자","85세 이상",14648,14192,5965,6570,338,1184,135,456
"대구광역시","계","합계",359048,338012,168620,147353,2653,14300,5086,21036
"대구광역시","계","20세 미만",2487,2387,1937,338,11,33,68,100
"대구광역시","계","20~24",22708,21294,17518,2836,93,366,481,1414
"대구광역시","계","25~29",36340,32361,21843,8851,236,895,536,3979
"대구광역시","계","30~34",33032,29507,15452,12591,189,799,476,3525
"대구광역시","계","35~39",20777,18889,8656,9274,123,568,268,1888
"대구광역시","계","40~44",20812,19218,8781,9409,110,631,287,1594
"대구광역시","계","45~49",20674,19283,9140,8986,107,744,306,1391
"대구광역시","계","50~54",27303,25627,12347,11734,175,977,394,1676
"대구광역시","계","55~59",29671,28141,13314,12797,215,1381,434,1530
"대구광역시","계","60~64",36226,34774,15561,16509,332,1860,512,1452
"대구광역시","계","65~69",32200,31177,13381,15217,300,1835,444,1023
"대구광역시","계","70~74",25494,24905,10000,12796,232,1551,326,589
"대구광역시","계","75~79",19703,19361,7715,10060,187,1176,223,342
"대구광역시","계","80~84",18262,17967,7379,9216,198,968,206,295
"대구광역시","계","85세 이상",13359,13121,5596,6739,145,516,125,238
"대구광역시","남자","합계",166945,155002,87031,58674,1034,5478,2785,11943
"대구광역시","남자","20세 미만",1008,967,759,166,X,12,26,41
"대구광역시","남자","20~24",9908,9398,7764,1250,34,137,213,510
"대구광역시","남자","25~29",19211,17493,12009,4614,118,444,308,1718
"대구광역시","남자","30~34",20702,18708,9796,7975,126,494,317,1994
"대구광역시","남자","35~39",13828,12659,5653,6370,82,358,196,1169
"대구광역시","남자","40~44",12987,11992,5649,5660,66,409,208,995
"대구광역시","남자","45~49",12507,11583,6033,4813,61,467,209,924
"대구광역시","남자","50~54",15637,14430,8189,5356,97,522,266,1207
"대구광역시","남자","55~59",15472,14342,8344,5008,101,598,291,1130
"대구광역시","남자","60~64",15789,14788,8513,5261,116,606,292,1001
"대구광역시","남자","65~69",12101,11465,6302,4357,91,507,208,636
"대구광역시","남자","70~74",7495,7172,3558,3076,63,372,103,323
"대구광역시","남자","75~79",4468,4320,2027,1952,29,239,73,148
"대구광역시","남자","80~84",3464,3366,1528,1569,25,191,53,98
"대구광역시","남자","85세 이상",2368,2319,907,1247,21,122,22,49
"대구광역시","여자","합계",192103,183010,81589,88679,1619,8822,2301,9093
"대구광역시","여자","20세 미만",1479,1420,1178,172,7,21,42,59
"대구광역시","여자","20~24",12800,11896,9754,1586,59,229,268,904
"대구광역시","여자","25~29",17129,14868,9834,4237,118,451,228,2261
"대구광역시","여자","30~34",12330,10799,5656,4616,63,305,159,1531
"대구광역시","여자","35~39",6949,6230,3003,2904,41,210,72,719
"대구광역시","여자","40~44",7825,7226,3132,3749,44,222,79,599
"대구광역시","여자","45~49",8167,7700,3107,4173,46,277,97,467
"대구광역시","여자","50~54",11666,11197,4158,6378,78,455,128,469
"대구광역시","여자","55~59",14199,13799,4970,7789,114,783,143,400
"대구광역시","여자","60~64",20437,19986,7048,11248,216,1254,220,451
"대구광역시","여자","65~69",20099,19712,7079,10860,209,1328,236,387
"대구광역시","여자","70~74",17999,17733,6442,9720,169,1179,223,266
"대구광역시","여자","75~79",15235,15041,5688,8108,158,937,150,194
"대구광역시","여자","80~84",14798,14601,5851,7647,173,777,153,197
"대구광역시","여자","85세 이상",10991,10802,4689,5492,124,394,103,189
"인천광역시","계","합계",395278,329437,84464,151547,8558,79701,5167,65841
"인천광역시","계","20세 미만",1447,1175,664,264,32,135,80,272
"인천광역시","계","20~24",17023,11345,5190,2781,338,2356,680,5678
"인천광역시","계","25~29",41117,26344,7074,11045,755,6941,529,14773
"인천광역시","계","30~34",42811,30778,6441,16604,797,6558,378,12033
"인천광역시","계","35~39",28643,22118,4678,12228,530,4432,250,6525
"인천광역시","계","40~44",29198,23676,5516,12191,573,5071,325,5522
"인천광역시","계","45~49",27003,22708,5758,10757,539,5306,348,4295
"인천광역시","계","50~54",32782,28256,7630,12548,656,6988,434,4526
"인천광역시","계","55~59",33328,29719,8201,12531,807,7713,467,3609
"인천광역시","계","60~64",39416,36055,9413,15674,948,9488,532,3361
"인천광역시","계","65~69",34530,32232,8028,14523,861,8378,442,2298
"인천광역시","계","70~74",22726,21544,5126,10036,552,5586,244,1182
"인천광역시","계","75~79",18678,17906,4243,8366,488,4625,184,772
"인천광역시","계","80~84",15175,14628,3496,6915,397,3659,161,547
"인천광역시","계","85세 이상",11401,10953,3006,5084,285,2465,113,448
"인천광역시","남자","합계",205194,166935,51694,68125,4321,39625,3170,38259
"인천광역시","남자","20세 미만",665,563,329,122,17,62,33,102
"인천광역시","남자","20~24",7731,5702,2880,1162,157,1109,394,2029
"인천광역시","남자","25~29",22184,14864,4834,5492,405,3785,348,7320
"인천광역시","남자","30~34",27152,19709,4618,10170,515,4134,272,7443
"인천광역시","남자","35~39",19055,14780,3412,8000,330,2861,177,4275
"인천광역시","남자","40~44",19313,15641,4014,7662,387,3339,239,3672
"인천광역시","남자","45~49",17474,14539,4282,6220,372,3401,264,2935
"인천광역시","남자","50~54",20442,17280,5673,6658,394,4239,316,3162
"인천광역시","남자","55~59",18946,16397,5819,5599,446,4206,327,2549
"인천광역시","남자","60~64",19191,16992,6076,5706,476,4420,314,2199
"인천광역시","남자","65~69",14606,13228,4508,4612,361,3509,238,1378
"인천광역시","남자","70~74",7946,7326,2351,2741,173,1958,103,620
"인천광역시","남자","75~79",5120,4812,1427,1847,142,1318,78,308
"인천광역시","남자","80~84",3240,3058,899,1242,80,786,51,182
"인천광역시","남자","85세 이상",2129,2044,572,892,66,498,16,85
"인천광역시","여자","합계",190084,162502,32770,83422,4237,40076,1997,27582
"인천광역시","여자","20세 미만",782,612,335,142,15,73,47,170
"인천광역시","여자","20~24",9292,5643,2310,1619,181,1247,286,3649
"인천광역시","여자","25~29",18933,11480,2240,5553,350,3156,181,7453
"인천광역시","여자","30~34",15659,11069,1823,6434,282,2424,106,4590
"인천광역시","여자","35~39",9588,7338,1266,4228,200,1571,73,2250
"인천광역시","여자","40~44",9885,8035,1502,4529,186,1732,86,1850
"인천광역시","여자","45~49",9529,8169,1476,4537,167,1905,84,1360
"인천광역시","여자","50~54",12340,10976,1957,5890,262,2749,118,1364
"인천광역시","여자","55~59",14382,13322,2382,6932,361,3507,140,1060
"인천광역시","여자","60~64",20225,19063,3337,9968,472,5068,218,1162
"인천광역시","여자","65~69",19924,19004,3520,9911,500,4869,204,920
"인천광역시","여자","70~74",14780,14218,2775,7295,379,3628,141,562
"인천광역시","여자","75~79",13558,13094,2816,6519,346,3307,106,464
"인천광역시","여자","80~84",11935,11570,2597,5673,317,2873,110,365
"인천광역시","여자","85세 이상",9272,8909,2434,4192,219,1967,97,363
"광주광역시","계","합계",228970,211825,85472,115692,3639,4256,2766,17145
"광주광역시","계","20세 미만",1631,1570,1101,359,12,55,43,61
"광주광역시","계","20~24",17670,16254,11608,3441,249,615,341,1416
"광주광역시","계","25~29",27500,24005,12908,9319,524,841,413,3495
"광주광역시","계","30~34",23424,20581,8475,10886,423,505,292,2843
"광주광역시","계","35~39",15616,14051,5269,8081,295,250,156,1565
"광주광역시","계","40~44",16166,14723,5459,8599,235,264,166,1443
"광주광역시","계","45~49",15073,13796,5152,7985,224,262,173,1277
"광주광역시","계","50~54",17776,16406,6322,9349,255,268,212,1370
"광주광역시","계","55~59",17994,16764,6211,9807,269,252,225,1230
"광주광역시","계","60~64",20071,19033,6571,11629,305,296,232,1038
"광주광역시","계","65~69",17035,16359,5174,10497,252,238,198,676
"광주광역시","계","70~74",12498,12164,3594,8112,187,142,129,334
"광주광역시","계","75~79",10590,10407,2951,7098,172,108,78,183
"광주광역시","계","80~84",9305,9166,2714,6145,148,92,67,139
"광주광역시","계","85세 이상",6621,6546,1963,4385,89,68,41,75
"광주광역시","남자","합계",113705,103706,48626,49321,1710,2416,1633,9999
"광주광역시","남자","20세 미만",731,711,485,179,7,24,16,20
"광주광역시","남자","20~24",7605,7134,5210,1354,96,301,173,471
"광주광역시","남자","25~29",14613,12951,7463,4539,228,468,253,1662
"광주광역시","남자","30~34",14486,12793,5587,6456,251,307,192,1693
"광주광역시","남자","35~39",10208,9205,3621,5126,184,162,112,1003
"광주광역시","남자","40~44",10585,9605,3895,5263,138,187,122,980
"광주광역시","남자","45~49",9685,8791,3777,4561,143,187,123,894
"광주광역시","남자","50~54",10753,9774,4601,4691,148,188,146,979
"광주광역시","남자","55~59",9562,8706,4202,4043,142,168,151,856
"광주광역시","남자","60~64",9017,8343,3864,4064,130,163,122,674
"광주광역시","남자","65~69",6914,6500,2708,3466,92,131,103,414
"광주광역시","남자","70~74",3979,3789,1459,2152,61,60,57,190
"광주광역시","남자","75~79",2571,2485,845,1530,43,37,30,86
"광주광역시","남자","80~84",1789,1737,573,1101,27,19,17,52
"광주광역시","남자","85세 이상",1207,1182,336,796,20,14,16,25
"광주광역시","여자","합계",115265,108119,36846,66371,1929,1840,1133,7146
"광주광역시","여자","20세 미만",900,859,616,180,5,31,27,41
"광주광역시","여자","20~24",10065,9120,6398,2087,153,314,168,945
"광주광역시","여자","25~29",12887,11054,5445,4780,296,373,160,1833
"광주광역시","여자","30~34",8938,7788,2888,4430,172,198,100,1150
"광주광역시","여자","35~39",5408,4846,1648,2955,111,88,44,562
"광주광역시","여자","40~44",5581,5118,1564,3336,97,77,44,463
"광주광역시","여자","45~49",5388,5005,1375,3424,81,75,50,383
"광주광역시","여자","50~54",7023,6632,1721,4658,107,80,66,391
"광주광역시","여자","55~59",8432,8058,2009,5764,127,84,74,374
"광주광역시","여자","60~64",11054,10690,2707,7565,175,133,110,364
"광주광역시","여자","65~69",10121,9859,2466,7031,160,107,95,262
"광주광역시","여자","70~74",8519,8375,2135,5960,126,82,72,144
"광주광역시","여자","75~79",8019,7922,2106,5568,129,71,48,97
"광주광역시","여자","80~84",7516,7429,2141,5044,121,73,50,87
"광주광역시","여자","85세 이상",5414,5364,1627,3589,69,54,25,50
"대전광역시","계","합계",257934,245457,131766,94769,3528,11666,3728,12477
"대전광역시","계","20세 미만",4059,3975,3576,271,9,44,75,84
"대전광역시","계","20~24",32554,31341,26398,3419,185,595,744,1213
"대전광역시","계","25~29",39698,37114,25555,9412,387,1025,735,2584
"대전광역시","계","30~34",28467,26420,14917,9952,306,864,381,2047
"대전광역시","계","35~39",16461,15390,7834,6588,205,540,223,1071
"대전광역시","계","40~44",15074,14188,6809,6476,171,548,184,886
"대전광역시","계","45~49",13971,13201,6289,5955,195,583,179,770
"대전광역시","계","50~54",17164,16219,7633,7315,216,853,202,945
"대전광역시","계","55~59",16699,15880,7027,7411,236,984,222,819
"대전광역시","계","60~64",19677,18864,7729,9184,366,1334,251,813
"대전광역시","계","65~69",17420,16836,6353,8578,346,1346,213,584
"대전광역시","계","70~74",12132,11850,3974,6454,303,1001,118,282
"대전광역시","계","75~79",9657,9476,3017,5295,239,832,93,181
"대전광역시","계","80~84",8432,8315,2601,4769,221,656,68,117
"대전광역시","계","85세 이상",6469,6388,2054,3690,143,461,40,81
"대전광역시","남자","합계",131826,124117,75404,39987,1553,5058,2115,7709
"대전광역시","남자","20세 미만",2134,2097,1913,123,5,18,38,37
"대전광역시","남자","20~24",15655,15128,13134,1317,79,243,355,527
"대전광역시","남자","25~29",22430,21057,15217,4646,191,549,454,1373
"대전광역시","남자","30~34",17936,16649,9734,5927,186,536,266,1287
"대전광역시","남자","35~39",10742,10036,5336,4116,113,326,145,706
"대전광역시","남자","40~44",9445,8832,4606,3627,108,366,125,613
"대전광역시","남자","45~49",8632,8081,4295,3172,125,371,118,551
"대전광역시","남자","50~54",10062,9361,5211,3416,125,477,132,701
"대전광역시","남자","55~59",8853,8237,4509,2988,123,473,144,616
"대전광역시","남자","60~64",9062,8455,4437,3204,142,538,134,607
"대전광역시","남자","65~69",7073,6680,3249,2744,127,458,102,393
"대전광역시","남자","70~74",4085,3936,1657,1835,97,295,52,149
"대전광역시","남자","75~79",2586,2506,1032,1208,51,185,30,80
"대전광역시","남자","80~84",1829,1784,658,936,46,131,13,45
"대전광역시","남자","85세 이상",1302,1278,416,728,35,92,7,24
"대전광역시","여자","합계",126108,121340,56362,54782,1975,6608,1613,4768
"대전광역시","여자","20세 미만",1925,1878,1663,148,X,26,37,47
"대전광역시","여자","20~24",16899,16213,13264,2102,106,352,389,686
"대전광역시","여자","25~29",17268,16057,10338,4766,196,476,281,1211
"대전광역시","여자","30~34",10531,9771,5183,4025,120,328,115,760
"대전광역시","여자","35~39",5719,5354,2498,2472,92,214,78,365
"대전광역시","여자","40~44",5629,5356,2203,2849,63,182,59,273
"대전광역시","여자","45~49",5339,5120,1994,2783,70,212,61,219
"대전광역시","여자","50~54",7102,6858,2422,3899,91,376,70,244
"대전광역시","여자","55~59",7846,7643,2518,4423,113,511,78,203
"대전광역시","여자","60~64",10615,10409,3292,5980,224,796,117,206
"대전광역시","여자","65~69",10347,10156,3104,5834,219,888,111,191
"대전광역시","여자","70~74",8047,7914,2317,4619,206,706,66,133
"대전광역시","여자","75~79",7071,6970,1985,4087,188,647,63,101
"대전광역시","여자","80~84",6603,6531,1943,3833,175,525,55,72
"대전광역시","여자","85세 이상",5167,5110,1638,2962,108,369,33,57
"울산광역시","계","합계",141595,130335,62457,55607,2207,7481,2583,11260
"울산광역시","계","20세 미만",342,322,193,106,X,16,7,20
"울산광역시","계","20~24",5054,4442,3188,752,71,300,131,612
"울산광역시","계","25~29",14148,11834,6842,3810,259,697,226,2314
"울산광역시","계","30~34",13944,11902,5538,5282,218,626,238,2042
"울산광역시","계","35~39",9404,8478,3671,4143,124,394,146,926
"울산광역시","계","40~44",10721,9837,4391,4656,132,506,152,884
"울산광역시","계","45~49",10358,9546,4474,4251,127,516,178,812
"울산광역시","계","50~54",12802,11891,5681,5090,171,708,241,911
"울산광역시","계","55~59",12923,12090,5625,5255,205,725,280,833
"울산광역시","계","60~64",14912,14156,6321,6362,251,910,312,756
"울산광역시","계","65~69",13187,12627,5688,5709,221,739,270,560
"울산광역시","계","70~74",8952,8704,3894,3946,176,532,156,248
"울산광역시","계","75~79",6444,6281,2848,2847,119,363,104,163
"울산광역시","계","80~84",5150,5044,2383,2211,79,290,81,106
"울산광역시","계","85세 이상",3254,3181,1720,1187,54,159,61,73
"울산광역시","남자","합계",78502,71375,38004,26713,1179,3989,1490,7127
"울산광역시","남자","20세 미만",175,167,106,49,X,6,6,8
"울산광역시","남자","20~24",2811,2495,1848,376,40,157,74,316
"울산광역시","남자","25~29",9265,7868,4725,2324,187,479,153,1397
"울산광역시","남자","30~34",9940,8606,4126,3696,155,457,172,1334
"울산광역시","남자","35~39",6975,6351,2796,3054,94,304,103,624
"울산광역시","남자","40~44",7706,7123,3318,3193,100,396,116,583
"울산광역시","남자","45~49",7025,6462,3332,2564,88,352,126,563
"울산광역시","남자","50~54",8105,7461,4113,2628,114,447,159,644
"울산광역시","남자","55~59",7364,6791,3807,2307,116,382,179,573
"울산광역시","남자","60~64",7249,6767,3757,2351,98,399,162,482
"울산광역시","남자","65~69",5435,5076,2814,1802,80,270,110,359
"울산광역시","남자","70~74",3096,2968,1574,1118,50,163,63,128
"울산광역시","남자","75~79",1734,1669,870,662,28,81,28,65
"울산광역시","남자","80~84",1054,1022,536,387,18,59,22,32
"울산광역시","남자","85세 이상",568,549,282,202,11,37,17,19
"울산광역시","여자","합계",63093,58960,24453,28894,1028,3492,1093,4133
"울산광역시","여자","20세 미만",167,155,87,57,X,10,X,12
"울산광역시","여자","20~24",2243,1947,1340,376,31,143,57,296
"울산광역시","여자","25~29",4883,3966,2117,1486,72,218,73,917
"울산광역시","여자","30~34",4004,3296,1412,1586,63,169,66,708
"울산광역시","여자","35~39",2429,2127,875,1089,30,90,43,302
"울산광역시","여자","40~44",3015,2714,1073,1463,32,110,36,301
"울산광역시","여자","45~49",3333,3084,1142,1687,39,164,52,249
"울산광역시","여자","50~54",4697,4430,1568,2462,57,261,82,267
"울산광역시","여자","55~59",5559,5299,1818,2948,89,343,101,260
"울산광역시","여자","60~64",7663,7389,2564,4011,153,511,150,274
"울산광역시","여자","65~69",7752,7551,2874,3907,141,469,160,201
"울산광역시","여자","70~74",5856,5736,2320,2828,126,369,93,120
"울산광역시","여자","75~79",4710,4612,1978,2185,91,282,76,98
"울산광역시","여자","80~84",4096,4022,1847,1824,61,231,59,74
"울산광역시","여자","85세 이상",2686,2632,1438,985,43,122,44,54
"세종특별자치시","계","합계",51655,48783,16033,31410,546,514,280,2872
"세종특별자치시","계","20세 미만",753,746,638,92,X,X,13,7
"세종특별자치시","계","20~24",6211,6029,4876,990,57,56,50,182
"세종특별자치시","계","25~29",7768,7100,2339,4559,114,59,29,668
"세종특별자치시","계","30~34",7596,7049,1062,5853,79,37,18,547
"세종특별자치시","계","35~39",4606,4345,649,3620,29,27,20,261
"세종특별자치시","계","40~44",4043,3830,666,3104,24,27,9,213
"세종특별자치시","계","45~49",3402,3221,616,2531,29,29,16,181
"세종특별자치시","계","50~54",3549,3370,768,2518,34,30,20,179
"세종특별자치시","계","55~59",3029,2861,755,2006,39,43,18,168
"세종특별자치시","계","60~64",3007,2856,861,1877,33,64,21,151
"세종특별자치시","계","65~69",2594,2485,739,1644,34,47,21,109
"세종특별자치시","계","70~74",1704,1637,550,1018,29,27,13,67
"세종특별자치시","계","75~79",1271,1210,455,694,19,28,14,61
"세종특별자치시","계","80~84",1167,1123,529,539,12,31,12,44
"세종특별자치시","계","85세 이상",955,921,530,365,12,8,6,34
"세종특별자치시","남자","합계",26690,25065,9576,14730,299,300,160,1625
"세종특별자치시","남자","20세 미만",364,363,307,47,X,X,8,X
"세종특별자치시","남자","20~24",2931,2875,2461,334,25,34,21,56
"세종특별자치시","남자","25~29",4142,3811,1788,1896,64,45,18,331
"세종특별자치시","남자","30~34",4536,4220,805,3334,43,25,13,316
"세종특별자치시","남자","35~39",2966,2802,501,2242,23,23,13,164
"세종특별자치시","남자","40~44",2444,2292,537,1712,19,17,7,152
"세종특별자치시","남자","45~49",1930,1799,467,1276,21,24,11,131
"세종특별자치시","남자","50~54",1947,1820,583,1178,25,23,11,127
"세종특별자치시","남자","55~59",1563,1446,545,838,26,26,11,117
"세종특별자치시","남자","60~64",1445,1345,574,698,22,36,15,100
"세종특별자치시","남자","65~69",1047,984,410,532,14,19,9,63
"세종특별자치시","남자","70~74",576,544,240,275,10,12,7,32
"세종특별자치시","남자","75~79",345,327,131,181,X,6,7,18
"세종특별자치시","남자","80~84",247,233,118,100,X,7,6,14
"세종특별자치시","남자","85세 이상",207,204,109,87,X,X,X,X
"세종특별자치시","여자","합계",24965,23718,6457,16680,247,214,120,1247
"세종특별자치시","여자","20세 미만",389,383,331,45,X,X,5,6
"세종특별자치시","여자","20~24",3280,3154,2415,656,32,22,29,126
"세종특별자치시","여자","25~29",3626,3289,551,2663,50,14,11,337
"세종특별자치시","여자","30~34",3060,2829,257,2519,36,12,5,231
"세종특별자치시","여자","35~39",1640,1543,148,1378,6,X,7,97
"세종특별자치시","여자","40~44",1599,1538,129,1392,5,10,X,61
"세종특별자치시","여자","45~49",1472,1422,149,1255,8,5,5,50
"세종특별자치시","여자","50~54",1602,1550,185,1340,9,7,9,52
"세종특별자치시","여자","55~59",1466,1415,210,1168,13,17,7,51
"세종특별자치시","여자","60~64",1562,1511,287,1179,11,28,6,51
"세종특별자치시","여자","65~69",1547,1501,329,1112,20,28,12,46
"세종특별자치시","여자","70~74",1128,1093,310,743,19,15,6,35
"세종특별자치시","여자","75~79",926,883,324,513,17,22,7,43
"세종특별자치시","여자","80~84",920,890,411,439,10,24,6,30
"세종특별자치시","여자","85세 이상",748,717,421,278,10,5,X,31
"경기도","계","합계",1714629,1462310,527639,673768,32971,203833,24099,252319
"경기도","계","20세 미만",6341,5381,3501,1110,53,518,199,960
"경기도","계","20~24",74070,57266,32255,13937,842,8367,1865,16804
"경기도","계","25~29",193786,140704,58812,54474,2592,21968,2858,53082
"경기도","계","30~34",202773,156917,53337,77341,2974,20934,2331,45856
"경기도","계","35~39",135039,109869,35150,57361,1882,13950,1526,25170
"경기도","계","40~44",133400,111673,36919,55965,2130,15035,1624,21727
"경기도","계","45~49",122051,103932,36714,48547,2068,14917,1686,18119
"경기도","계","50~54",144030,124504,46321,55166,2736,18099,2182,19526
"경기도","계","55~59",139536,123720,47603,52403,2966,18337,2411,15816
"경기도","계","60~64",157321,143278,52795,63463,3721,20735,2564,14043
"경기도","계","65~69",135889,126426,43639,59925,3396,17439,2027,9463
"경기도","계","70~74",90361,85812,27160,43328,2446,11742,1136,4549
"경기도","계","75~79",74470,71494,21523,37428,2151,9622,770,2976
"경기도","계","80~84",61177,58888,18151,30737,1825,7620,555,2289
"경기도","계","85세 이상",44385,42446,13759,22583,1189,4550,365,1939
"경기도","남자","합계",926041,772390,322325,310898,15306,108690,15171,153651
"경기도","남자","20세 미만",2942,2544,1684,512,20,240,88,398
"경기도","남자","20~24",34459,27945,16699,5991,361,3968,926,6514
"경기도","남자","25~29",112177,84508,38672,29254,1397,13338,1847,27669
"경기도","남자","30~34",133870,105077,38016,49081,1861,14465,1654,28793
"경기도","남자","35~39",92024,75661,25431,38252,1247,9623,1108,16363
"경기도","남자","40~44",88911,74573,26688,35046,1380,10265,1194,14338
"경기도","남자","45~49",78748,66293,26304,27705,1283,9758,1243,12455
"경기도","남자","50~54",89007,75022,32879,27960,1577,11045,1561,13985
"경기도","남자","55~59",80052,68327,32309,22800,1497,10018,1703,11725
"경기도","남자","60~64",78876,68887,32637,23383,1569,9709,1589,9989
"경기도","남자","65~69",58540,52359,23499,19430,1238,7026,1166,6181
"경기도","남자","70~74",32324,29759,12332,12177,750,3983,517,2565
"경기도","남자","75~79",20868,19550,7445,8716,514,2574,301,1318
"경기도","남자","80~84",13974,13134,4818,6085,362,1694,175,840
"경기도","남자","85세 이상",9269,8751,2912,4506,250,984,99,518
"경기도","여자","합계",788588,689920,205314,362870,17665,95143,8928,98668
"경기도","여자","20세 미만",3399,2837,1817,598,33,278,111,562
"경기도","여자","20~24",39611,29321,15556,7946,481,4399,939,10290
"경기도","여자","25~29",81609,56196,20140,25220,1195,8630,1011,25413
"경기도","여자","30~34",68903,51840,15321,28260,1113,6469,677,17063
"경기도","여자","35~39",43015,34208,9719,19109,635,4327,418,8807
"경기도","여자","40~44",44489,37100,10231,20919,750,4770,430,7389
"경기도","여자","45~49",43303,37639,10410,20842,785,5159,443,5664
"경기도","여자","50~54",55023,49482,13442,27206,1159,7054,621,5541
"경기도","여자","55~59",59484,55393,15294,29603,1469,8319,708,4091
"경기도","여자","60~64",78445,74391,20158,40080,2152,11026,975,4054
"경기도","여자","65~69",77349,74067,20140,40495,2158,10413,861,3282
"경기도","여자","70~74",58037,56053,14828,31151,1696,7759,619,1984
"경기도","여자","75~79",53602,51944,14078,28712,1637,7048,469,1658
"경기도","여자","80~84",47203,45754,13333,24652,1463,5926,380,1449
"경기도","여자","85세 이상",35116,33695,10847,18077,939,3566,266,1421
"강원특별자치도","계","합계",271097,257335,140962,99879,6754,3940,5800,13762
"강원특별자치도","계","20세 미만",1525,1355,1027,250,11,17,50,170
"강원특별자치도","계","20~24",19720,18707,15054,2708,154,180,611,1013
"강원특별자치도","계","25~29",23309,21389,12794,7278,482,349,486,1920
"강원특별자치도","계","30~34",18656,17187,8159,8063,372,278,315,1469
"강원특별자치도","계","35~39",12327,11575,4992,5915,244,177,247,752
"강원특별자치도","계","40~44",13584,12726,5656,6232,323,216,299,858
"강원특별자치도","계","45~49",14898,14014,6328,6689,384,241,372,884
"강원특별자치도","계","50~54",20761,19545,9344,8858,514,325,504,1216
"강원특별자치도","계","55~59",24231,22870,11746,9424,627,394,679,1361
"강원특별자치도","계","60~64",30485,28917,15606,11366,771,459,715,1568
"강원특별자치도","계","65~69",27684,26569,14348,10421,826,397,577,1115
"강원특별자치도","계","70~74",18509,17944,9791,6938,605,269,341,565
"강원특별자치도","계","75~79",16778,16379,9140,6195,543,254,247,399
"강원특별자치도","계","80~84",16175,15896,9329,5579,541,242,205,279
"강원특별자치도","계","85세 이상",12455,12262,7648,3963,357,142,152,193
"강원특별자치도","남자","합계",136553,128013,75666,44117,3133,1900,3197,8540
"강원특별자치도","남자","20세 미만",835,720,547,128,6,8,31,115
"강원특별자치도","남자","20~24",10939,10361,8489,1383,73,82,334,578
"강원특별자치도","남자","25~29",14066,12984,8214,3979,299,191,301,1082
"강원특별자치도","남자","30~34",12014,11094,5479,4959,255,187,214,920
"강원특별자치도","남자","35~39",8061,7567,3354,3759,161,116,177,494
"강원특별자치도","남자","40~44",8660,8042,3801,3713,216,127,185,618
"강원특별자치도","남자","45~49",9247,8568,4358,3609,234,137,230,679
"강원특별자치도","남자","50~54",12483,11616,6319,4484,314,185,314,867
"강원특별자치도","남자","55~59",13730,12784,7548,4234,357,234,411,946
"강원특별자치도","남자","60~64",16170,15154,9511,4615,385,242,401,1016
"강원특별자치도","남자","65~69",13075,12422,7739,3877,343,169,294,653
"강원특별자치도","남자","70~74",6936,6670,4116,2137,192,86,139,266
"강원특별자치도","남자","75~79",4666,4495,2735,1488,133,62,77,171
"강원특별자치도","남자","80~84",3368,3276,2029,1041,99,50,57,92
"강원특별자치도","남자","85세 이상",2303,2260,1427,711,66,24,32,43
"강원특별자치도","여자","합계",134544,129322,65296,55762,3621,2040,2603,5222
"강원특별자치도","여자","20세 미만",690,635,480,122,5,9,19,55
"강원특별자치도","여자","20~24",8781,8346,6565,1325,81,98,277,435
"강원특별자치도","여자","25~29",9243,8405,4580,3299,183,158,185,838
"강원특별자치도","여자","30~34",6642,6093,2680,3104,117,91,101,549
"강원특별자치도","여자","35~39",4266,4008,1638,2156,83,61,70,258
"강원특별자치도","여자","40~44",4924,4684,1855,2519,107,89,114,240
"강원특별자치도","여자","45~49",5651,5446,1970,3080,150,104,142,205
"강원특별자치도","여자","50~54",8278,7929,3025,4374,200,140,190,349
"강원특별자치도","여자","55~59",10501,10086,4198,5190,270,160,268,415
"강원특별자치도","여자","60~64",14315,13763,6095,6751,386,217,314,552
"강원특별자치도","여자","65~69",14609,14147,6609,6544,483,228,283,462
"강원특별자치도","여자","70~74",11573,11274,5675,4801,413,183,202,299
"강원특별자치도","여자","75~79",12112,11884,6405,4707,410,192,170,228
"강원특별자치도","여자","80~84",12807,12620,7300,4538,442,192,148,187
"강원특별자치도","여자","85세 이상",10152,10002,6221,3252,291,118,120,150
"충청북도","계","합계",277373,263524,142186,106996,4603,5819,3920,13849
"충청북도","계","20세 미만",2025,1982,1693,214,X,22,50,43
"충청북도","계","20~24",20842,20134,16447,2919,86,272,410,708
"충청북도","계","25~29",30551,28136,17233,9639,262,591,411,2415
"충청북도","계","30~34",25777,23936,11711,11209,247,459,310,1841
"충청북도","계","35~39",16041,15037,6683,7674,175,317,188,1004
"충청북도","계","40~44",15982,15141,6679,7734,217,330,181,841
"충청북도","계","45~49",15964,15034,6603,7578,241,377,235,930
"충청북도","계","50~54",20571,19264,8785,9306,360,493,320,1307
"충청북도","계","55~59",23250,21898,10458,10065,442,578,355,1352
"충청북도","계","60~64",27235,25875,12938,11317,575,634,411,1360
"충청북도","계","65~69",23609,22663,11569,9618,551,544,381,946
"충청북도","계","70~74",16186,15724,8119,6565,421,384,235,462
"충청북도","계","75~79",13777,13492,7384,5155,424,352,177,285
"충청북도","계","80~84",14038,13845,8472,4574,364,289,146,193
"충청북도","계","85세 이상",11525,11363,7412,3429,235,177,110,162
"충청북도","남자","합계",146383,137607,79498,51024,1985,2937,2163,8776
"충청북도","남자","20세 미만",1051,1033,898,98,X,9,26,18
"충청북도","남자","20~24",10604,10315,8591,1341,42,133,208,289
"충청북도","남자","25~29",18919,17641,11350,5444,163,407,277,1278
"충청북도","남자","30~34",17922,16739,8536,7467,165,353,218,1183
"충청북도","남자","35~39",11127,10433,4762,5192,125,226,128,694
"충청북도","남자","40~44",10747,10123,4740,4887,142,226,128,624
"충청북도","남자","45~49",10234,9535,4641,4324,161,241,168,699
"충청북도","남자","50~54",12557,11557,6039,4811,208,289,210,1000
"충청북도","남자","55~59",13144,12162,6837,4576,226,317,206,982
"충청북도","남자","60~64",14116,13204,7832,4621,262,276,213,912
"충청북도","남자","65~69",10837,10240,6265,3443,171,200,161,597
"충청북도","남자","70~74",6046,5796,3445,2030,114,108,99,250
"충청북도","남자","75~79",3836,3699,2253,1220,96,67,63,137
"충청북도","남자","80~84",2957,2884,1870,878,57,49,30,73
"충청북도","남자","85세 이상",2286,2246,1439,692,51,36,28,40
"충청북도","여자","합계",130990,125917,62688,55972,2618,2882,1757,5073
"충청북도","여자","20세 미만",974,949,795,116,X,13,24,25
"충청북도","여자","20~24",10238,9819,7856,1578,44,139,202,419
"충청북도","여자","25~29",11632,10495,5883,4195,99,184,134,1137
"충청북도","여자","30~34",7855,7197,3175,3742,82,106,92,658
"충청북도","여자","35~39",4914,4604,1921,2482,50,91,60,310
"충청북도","여자","40~44",5235,5018,1939,2847,75,104,53,217
"충청북도","여자","45~49",5730,5499,1962,3254,80,136,67,231
"충청북도","여자","50~54",8014,7707,2746,4495,152,204,110,307
"충청북도","여자","55~59",10106,9736,3621,5489,216,261,149,370
"충청북도","여자","60~64",13119,12671,5106,6696,313,358,198,448
"충청북도","여자","65~69",12772,12423,5304,6175,380,344,220,349
"충청북도","여자","70~74",10140,9928,4674,4535,307,276,136,212
"충청북도","여자","75~79",9941,9793,5131,3935,328,285,114,148
"충청북도","여자","80~84",11081,10961,6602,3696,307,240,116,120
"충청북도","여자","85세 이상",9239,9117,5973,2737,184,141,82,122
"충청남도","계","합계",354747,330160,179150,127196,6530,12761,4523,24587
"충청남도","계","20세 미만",2791,2649,2075,410,17,64,83,142
"충청남도","계","20~24",25089,23352,17407,4531,219,708,487,1737
"충청남도","계","25~29",34675,30798,16426,12277,525,1184,386,3877
"충청남도","계","30~34",31551,28210,12546,13944,400,993,327,3341
"충청남도","계","35~39",22472,20325,8419,10668,318,676,244,2147
"충청남도","계","40~44",22456,20586,8336,10836,397,765,252,1870
"충청남도","계","45~49",21392,19678,8273,9911,381,821,292,1714
"충청남도","계","50~54",26566,24502,11148,11346,517,1098,393,2064
"충청남도","계","55~59",28540,26379,13001,11125,619,1218,416,2161
"충청남도","계","60~64",33641,31458,16726,12073,719,1412,528,2183
"충청남도","계","65~69",28577,27099,14956,9787,749,1209,398,1478
"충청남도","계","70~74",21374,20514,12099,6821,497,832,265,860
"충청남도","계","75~79",18381,17961,11181,5350,479,755,196,420
"충청남도","계","80~84",19246,18911,13204,4568,386,599,154,335
"충청남도","계","85세 이상",17996,17738,13353,3549,307,427,102,258
"충청남도","남자","합계",189517,173976,97211,64646,3064,6442,2613,15541
"충청남도","남자","20세 미만",1314,1256,1004,171,8,26,47,58
"충청남도","남자","20~24",11682,10955,8332,1939,106,337,241,727
"충청남도","남자","25~29",21786,19527,11024,7131,367,731,274,2259
"충청남도","남자","30~34",22180,19884,9341,9322,272,700,249,2296
"충청남도","남자","35~39",16245,14749,6410,7458,222,480,179,1496
"충청남도","남자","40~44",16296,14905,6351,7562,274,537,181,1391
"충청남도","남자","45~49",14450,13190,6184,6029,253,534,190,1260
"충청남도","남자","50~54",17041,15546,8190,6144,290,670,252,1495
"충청남도","남자","55~59",16771,15256,8843,5212,307,630,264,1515
"충청남도","남자","60~64",18132,16744,10482,5046,293,642,281,1388
"충청남도","남자","65~69",13354,12492,7954,3573,282,478,205,862
"충청남도","남자","70~74",8000,7552,4850,2161,147,278,116,448
"충청남도","남자","75~79",5022,4844,3136,1342,115,182,69,178
"충청남도","남자","80~84",3871,3764,2613,909,74,129,39,107
"충청남도","남자","85세 이상",3373,3312,2497,647,54,88,26,61
"충청남도","여자","합계",165230,156184,81939,62550,3466,6319,1910,9046
"충청남도","여자","20세 미만",1477,1393,1071,239,9,38,36,84
"충청남도","여자","20~24",13407,12397,9075,2592,113,371,246,1010
"충청남도","여자","25~29",12889,11271,5402,5146,158,453,112,1618
"충청남도","여자","30~34",9371,8326,3205,4622,128,293,78,1045
"충청남도","여자","35~39",6227,5576,2009,3210,96,196,65,651
"충청남도","여자","40~44",6160,5681,1985,3274,123,228,71,479
"충청남도","여자","45~49",6942,6488,2089,3882,128,287,102,454
"충청남도","여자","50~54",9525,8956,2958,5202,227,428,141,569
"충청남도","여자","55~59",11769,11123,4158,5913,312,588,152,646
"충청남도","여자","60~64",15509,14714,6244,7027,426,770,247,795
"충청남도","여자","65~69",15223,14607,7002,6214,467,731,193,616
"충청남도","여자","70~74",13374,12962,7249,4660,350,554,149,412
"충청남도","여자","75~79",13359,13117,8045,4008,364,573,127,242
"충청남도","여자","80~84",15375,15147,10591,3659,312,470,115,228
"충청남도","여자","85세 이상",14623,14426,10856,2902,253,339,76,197
"전라북도","계","합계",296799,283930,157099,111906,5531,5729,3665,12869
"전라북도","계","20세 미만",2322,2248,1732,367,36,68,45,74
"전라북도","계","20~24",21255,20537,15987,2796,333,1050,371,718
"전라북도","계","25~29",25028,23530,14593,7310,407,900,320,1498
"전라북도","계","30~34",20493,19166,9630,8482,339,480,235,1327
"전라북도","계","35~39",14029,13162,5895,6630,216,257,164,867
"전라북도","계","40~44",15261,14346,6580,7009,287,279,191,915
"전라북도","계","45~49",16723,15676,7252,7592,294,304,234,1047
"전라북도","계","50~54",22058,20708,9852,9714,425,416,301,1350
"전라북도","계","55~59",24466,23110,11301,10496,543,407,363,1356
"전라북도","계","60~64",29089,27728,13716,12582,584,417,429,1361
"전라북도","계","65~69",26518,25522,12752,11528,512,372,358,996
"전라북도","계","70~74",21563,21047,11100,9019,446,245,237,516
"전라북도","계","75~79",19436,19071,10865,7359,440,213,194,365
"전라북도","계","80~84",20533,20275,13323,6234,400,200,118,258
"전라북도","계","85세 이상",18025,17804,12521,4788,269,121,105,221
"전라북도","남자","합계",143429,135190,78671,48820,2496,3138,2065,8239
"전라북도","남자","20세 미만",1226,1190,926,183,22,36,23,36
"전라북도","남자","20~24",11086,10755,8451,1339,185,588,192,331
"전라북도","남자","25~29",14329,13473,8593,3893,224,575,188,856
"전라북도","남자","30~34",13049,12150,6182,5286,216,310,156,899
"전라북도","남자","35~39",9259,8661,3969,4262,147,173,110,598
"전라북도","남자","40~44",10334,9657,4692,4453,195,188,129,677
"전라북도","남자","45~49",10766,9997,5123,4303,192,196,183,769
"전라북도","남자","50~54",13632,12594,6965,4911,241,265,212,1038
"전라북도","남자","55~59",13969,12979,7622,4639,279,224,215,990
"전라북도","남자","60~64",14812,13916,8316,4889,253,211,247,896
"전라북도","남자","65~69",11944,11357,6692,4102,208,175,180,587
"전라북도","남자","70~74",7636,7367,4288,2760,124,92,103,269
"전라북도","남자","75~79",4840,4680,2750,1724,95,52,59,160
"전라북도","남자","80~84",3589,3496,2204,1154,64,38,36,93
"전라북도","남자","85세 이상",2958,2918,1898,922,51,15,32,40
"전라북도","여자","합계",153370,148740,78428,63086,3035,2591,1600,4630
"전라북도","여자","20세 미만",1096,1058,806,184,14,32,22,38
"전라북도","여자","20~24",10169,9782,7536,1457,148,462,179,387
"전라북도","여자","25~29",10699,10057,6000,3417,183,325,132,642
"전라북도","여자","30~34",7444,7016,3448,3196,123,170,79,428
"전라북도","여자","35~39",4770,4501,1926,2368,69,84,54,269
"전라북도","여자","40~44",4927,4689,1888,2556,92,91,62,238
"전라북도","여자","45~49",5957,5679,2129,3289,102,108,51,278
"전라북도","여자","50~54",8426,8114,2887,4803,184,151,89,312
"전라북도","여자","55~59",10497,10131,3679,5857,264,183,148,366
"전라북도","여자","60~64",14277,13812,5400,7693,331,206,182,465
"전라북도","여자","65~69",14574,14165,6060,7426,304,197,178,409
"전라북도","여자","70~74",13927,13680,6812,6259,322,153,134,247
"전라북도","여자","75~79",14596,14391,8115,5635,345,161,135,205
"전라북도","여자","80~84",16944,16779,11119,5080,336,162,82,165
"전라북도","여자","85세 이상",15067,14886,10623,3866,218,106,73,181
"전라남도","계","합계",294583,275516,168130,94724,4903,3271,4488,19067
"전라남도","계","20세 미만",1014,947,619,257,19,20,32,67
"전라남도","계","20~24",10028,9140,6022,2467,157,266,228,888
"전라남도","계","25~29",19057,16260,7302,7800,448,358,352,2797
"전라남도","계","30~34",17266,15041,5554,8538,383,242,324,2225
"전라남도","계","35~39",12438,11169,4100,6447,254,172,196,1269
"전라남도","계","40~44",14677,13297,5484,6992,330,197,294,1380
"전라남도","계","45~49",16226,14788,6852,7023,335,245,333,1438
"전라남도","계","50~54",22774,20765,10581,8995,413,310,466,2009
"전라남도","계","55~59",26353,24348,13728,9310,510,296,504,2005
"전라남도","계","60~64",31447,29514,17778,10365,542,307,522,1933
"전라남도","계","65~69",27879,26625,17000,8474,456,267,428,1254
"전라남도","계","70~74",23860,23191,16075,6263,366,187,300,669
"전라남도","계","75~79",23205,22718,17124,4930,258,164,242,487
"전라남도","계","80~84",26129,25762,21079,4086,261,162,174,367
"전라남도","계","85세 이상",22230,21951,18832,2777,171,78,93,279
"전라남도","남자","합계",141776,129822,77621,45595,2411,1684,2511,11954
"전라남도","남자","20세 미만",588,554,382,133,10,8,21,34
"전라남도","남자","20~24",5433,5009,3490,1195,61,144,119,424
"전라남도","남자","25~29",11198,9657,4619,4354,266,209,209,1541
"전라남도","남자","30~34",11461,10016,3809,5572,272,141,222,1445
"전라남도","남자","35~39",8628,7755,2943,4387,166,126,133,873
"전라남도","남자","40~44",10238,9244,4060,4622,224,134,204,994
"전라남도","남자","45~49",10908,9830,5032,4207,202,161,228,1078
"전라남도","남자","50~54",14714,13281,7693,4841,234,193,320,1433
"전라남도","남자","55~59",15899,14532,9407,4372,274,178,301,1367
"전라남도","남자","60~64",17138,15877,11014,4196,243,155,269,1261
"전라남도","남자","65~69",13567,12792,9056,3225,195,91,225,775
"전라남도","남자","70~74",8694,8343,6031,2016,127,54,115,351
"전라남도","남자","75~79",5668,5465,4050,1240,52,42,81,203
"전라남도","남자","80~84",4352,4237,3316,786,52,32,51,115
"전라남도","남자","85세 이상",3290,3230,2719,449,33,16,13,60
"전라남도","여자","합계",152807,145694,90509,49129,2492,1587,1977,7113
"전라남도","여자","20세 미만",426,393,237,124,9,12,11,33
"전라남도","여자","20~24",4595,4131,2532,1272,96,122,109,464
"전라남도","여자","25~29",7859,6603,2683,3446,182,149,143,1256
"전라남도","여자","30~34",5805,5025,1745,2966,111,101,102,780
"전라남도","여자","35~39",3810,3414,1157,2060,88,46,63,396
"전라남도","여자","40~44",4439,4053,1424,2370,106,63,90,386
"전라남도","여자","45~49",5318,4958,1820,2816,133,84,105,360
"전라남도","여자","50~54",8060,7484,2888,4154,179,117,146,576
"전라남도","여자","55~59",10454,9816,4321,4938,236,118,203,638
"전라남도","여자","60~64",14309,13637,6764,6169,299,152,253,672
"전라남도","여자","65~69",14312,13833,7944,5249,261,176,203,479
"전라남도","여자","70~74",15166,14848,10044,4247,239,133,185,318
"전라남도","여자","75~79",17537,17253,13074,3690,206,122,161,284
"전라남도","여자","80~84",21777,21525,17763,3300,209,130,123,252
"전라남도","여자","85세 이상",18940,18721,16113,2328,138,62,80,219
"경상북도","계","합계",444108,421023,264524,127853,9003,13356,6287,23085
"경상북도","계","20세 미만",3276,2912,2448,319,32,45,68,364
"경상북도","계","20~24",29013,28130,24432,2641,177,477,403,883
"경상북도","계","25~29",35224,32684,22799,7842,584,995,464,2540
"경상북도","계","30~34",30541,28270,16387,10129,515,883,356,2271
"경상북도","계","35~39",22219,20818,10895,8623,375,649,276,1401
"경상북도","계","40~44",24030,22481,11706,9116,485,793,381,1549
"경상북도","계","45~49",25178,23455,11904,9715,520,866,450,1723
"경상북도","계","50~54",32659,30333,15841,12019,701,1205,567,2326
"경상북도","계","55~59",37401,34824,19168,12857,810,1345,644,2577
"경상북도","계","60~64",45653,42981,24776,14752,1058,1589,806,2672
"경상북도","계","65~69",41393,39399,23371,12901,1022,1445,660,1994
"경상북도","계","70~74",33762,32615,20487,9600,949,1119,460,1147
"경상북도","계","75~79",27425,26752,17961,6909,724,834,324,673
"경상북도","계","80~84",30595,30077,22361,6087,647,729,253,518
"경상북도","계","85세 이상",25739,25292,19988,4343,404,382,175,447
"경상북도","남자","합계",221404,206705,136549,57095,3656,6130,3275,14699
"경상북도","남자","20세 미만",1871,1565,1342,146,14,26,37,306
"경상북도","남자","20~24",16091,15649,13716,1366,85,258,224,442
"경상북도","남자","25~29",22202,20632,14876,4513,343,618,282,1570
"경상북도","남자","30~34",21020,19450,11561,6719,338,601,231,1570
"경상북도","남자","35~39",15652,14600,7699,6037,249,438,177,1052
"경상북도","남자","40~44",16444,15320,8349,5901,302,535,233,1124
"경상북도","남자","45~49",16227,14942,8382,5452,305,510,293,1285
"경상북도","남자","50~54",19986,18326,11047,5856,380,674,369,1660
"경상북도","남자","55~59",21299,19523,12630,5502,388,634,369,1776
"경상북도","남자","60~64",23576,21886,15058,5405,397,627,399,1690
"경상북도","남자","65~69",18603,17439,12100,4220,332,502,285,1164
"경상북도","남자","70~74",11795,11227,7876,2628,232,312,179,568
"경상북도","남자","75~79",6958,6699,4737,1543,122,203,94,259
"경상북도","남자","80~84",5526,5378,3999,1075,109,132,63,148
"경상북도","남자","85세 이상",4154,4069,3177,732,60,60,40,85
"경상북도","여자","합계",222704,214318,127975,70758,5347,7226,3012,8386
"경상북도","여자","20세 미만",1405,1347,1106,173,18,19,31,58
"경상북도","여자","20~24",12922,12481,10716,1275,92,219,179,441
"경상북도","여자","25~29",13022,12052,7923,3329,241,377,182,970
"경상북도","여자","30~34",9521,8820,4826,3410,177,282,125,701
"경상북도","여자","35~39",6567,6218,3196,2586,126,211,99,349
"경상북도","여자","40~44",7586,7161,3357,3215,183,258,148,425
"경상북도","여자","45~49",8951,8513,3522,4263,215,356,157,438
"경상북도","여자","50~54",12673,12007,4794,6163,321,531,198,666
"경상북도","여자","55~59",16102,15301,6538,7355,422,711,275,801
"경상북도","여자","60~64",22077,21095,9718,9347,661,962,407,982
"경상북도","여자","65~69",22790,21960,11271,8681,690,943,375,830
"경상북도","여자","70~74",21967,21388,12611,6972,717,807,281,579
"경상북도","여자","75~79",20467,20053,13224,5366,602,631,230,414
"경상북도","여자","80~84",25069,24699,18362,5012,538,597,190,370
"경상북도","여자","85세 이상",21585,21223,16811,3611,344,322,135,362
"경상남도","계","합계",487491,452608,251785,175514,7441,10828,7040,34883
"경상남도","계","20세 미만",2103,1743,1270,350,14,27,82,360
"경상남도","계","20~24",18665,16258,12195,3006,153,268,636,2407
"경상남도","계","25~29",34706,29560,18168,9816,351,690,535,5146
"경상남도","계","30~34",34744,30488,15243,13760,334,686,465,4256
"경상남도","계","35~39",25929,23299,10571,11533,296,552,347,2630
"경상남도","계","40~44",30772,28018,13273,13243,404,694,404,2754
"경상남도","계","45~49",31268,28770,13862,13265,452,739,452,2498
"경상남도","계","50~54",42060,38802,18990,17471,620,1055,666,3258
"경상남도","계","55~59",44639,41411,21381,17418,751,1177,684,3228
"경상남도","계","60~64",54240,50971,27030,20769,924,1349,899,3269
"경상남도","계","65~69",49668,47365,25634,18764,975,1228,764,2303
"경상남도","계","70~74",36200,35008,19851,13152,703,853,449,1192
"경상남도","계","75~79",29832,29130,17505,9997,621,707,300,702
"경상남도","계","80~84",29290,28793,19611,7935,515,519,213,497
"경상남도","계","85세 이상",23375,22992,17201,5035,328,284,144,383
"경상남도","남자","합계",244543,222540,132039,78193,3158,5188,3962,22003
"경상남도","남자","20세 미만",1164,983,752,168,5,15,43,181
"경상남도","남자","20~24",10131,8976,6804,1557,89,158,368,1155
"경상남도","남자","25~29",20616,17625,11307,5371,202,390,355,2991
"경상남도","남자","30~34",23452,20660,10704,8952,216,479,309,2792
"경상남도","남자","35~39",18012,16218,7522,7883,200,379,234,1794
"경상남도","남자","40~44",21514,19565,9780,8718,278,490,299,1949
"경상남도","남자","45~49",20620,18795,9996,7729,286,484,300,1825
"경상남도","남자","50~54",25758,23380,13346,8632,350,607,445,2378
"경상남도","남자","55~59",24882,22616,13932,7324,362,585,413,2266
"경상남도","남자","60~64",27260,25113,16180,7520,363,570,480,2147
"경상남도","남자","65~69",21730,20379,13183,6099,294,451,352,1351
"경상남도","남자","70~74",12870,12235,7967,3620,215,246,187,635
"경상남도","남자","75~79",7751,7436,4742,2276,147,177,94,315
"경상남도","남자","80~84",5135,4980,3285,1448,89,100,58,155
"경상남도","남자","85세 이상",3648,3579,2539,896,62,57,25,69
"경상남도","여자","합계",242948,230068,119746,97321,4283,5640,3078,12880
"경상남도","여자","20세 미만",939,760,518,182,9,12,39,179
"경상남도","여자","20~24",8534,7282,5391,1449,64,110,268,1252
"경상남도","여자","25~29",14090,11935,6861,4445,149,300,180,2155
"경상남도","여자","30~34",11292,9828,4539,4808,118,207,156,1464
"경상남도","여자","35~39",7917,7081,3049,3650,96,173,113,836
"경상남도","여자","40~44",9258,8453,3493,4525,126,204,105,805
"경상남도","여자","45~49",10648,9975,3866,5536,166,255,152,673
"경상남도","여자","50~54",16302,15422,5644,8839,270,448,221,880
"경상남도","여자","55~59",19757,18795,7449,10094,389,592,271,962
"경상남도","여자","60~64",26980,25858,10850,13249,561,779,419,1122
"경상남도","여자","65~69",27938,26986,12451,12665,681,777,412,952
"경상남도","여자","70~74",23330,22773,11884,9532,488,607,262,557
"경상남도","여자","75~79",22081,21694,12763,7721,474,530,206,387
"경상남도","여자","80~84",24155,23813,16326,6487,426,419,155,342
"경상남도","여자","85세 이상",19727,19413,14662,4139,266,227,119,314
"제주특별자치도","계","합계",93739,80952,43650,19372,6727,8920,2283,12787
"제주특별자치도","계","20세 미만",476,431,275,68,27,35,26,45
"제주특별자치도","계","20~24",3689,2768,1658,524,142,306,138,921
"제주특별자치도","계","25~29",8150,6022,2919,1622,504,818,159,2128
"제주특별자치도","계","30~34",8070,6373,3030,1743,620,818,162,1697
"제주특별자치도","계","35~39",6012,5013,2509,1261,483,625,135,999
"제주특별자치도","계","40~44",7329,6208,3131,1493,619,777,188,1121
"제주특별자치도","계","45~49",7580,6547,3479,1468,576,828,196,1033
"제주특별자치도","계","50~54",9939,8650,4493,2024,826,1042,265,1289
"제주특별자치도","계","55~59",9420,8289,4498,1886,710,915,280,1131
"제주특별자치도","계","60~64",9469,8514,4631,2002,708,916,257,955
"제주특별자치도","계","65~69",7754,7075,3831,1791,603,669,181,679
"제주특별자치도","계","70~74",4955,4618,2444,1226,362,459,127,337
"제주특별자치도","계","75~79",4115,3905,2253,1009,225,322,96,210
"제주특별자치도","계","80~84",3451,3305,2140,707,199,215,44,146
"제주특별자치도","계","85세 이상",3330,3234,2359,548,123,175,29,96
"제주특별자치도","남자","합계",47169,40018,22786,8420,3103,4441,1268,7151
"제주특별자치도","남자","20세 미만",254,232,143,36,17,21,15,22
"제주특별자치도","남자","20~24",1605,1306,801,209,60,157,79,299
"제주특별자치도","남자","25~29",4209,3234,1646,787,270,440,91,975
"제주특별자치도","남자","30~34",4770,3801,1817,1033,344,513,94,969
"제주특별자치도","남자","35~39",3658,3067,1548,770,278,379,92,591
"제주특별자치도","남자","40~44",4403,3721,2001,802,319,479,120,682
"제주특별자치도","남자","45~49",4511,3872,2225,749,290,476,132,639
"제주특별자치도","남자","50~54",5740,4912,2836,961,390,556,169,828
"제주특별자치도","남자","55~59",5306,4553,2739,859,335,455,165,753
"제주특별자치도","남자","60~64",4871,4253,2650,762,293,420,128,618
"제주특별자치도","남자","65~69",3491,3089,1920,607,239,245,78,402
"제주특별자치도","남자","70~74",1865,1667,997,338,136,143,53,198
"제주특별자치도","남자","75~79",1208,1117,678,256,66,81,36,91
"제주특별자치도","남자","80~84",708,653,418,135,43,43,14,55
"제주특별자치도","남자","85세 이상",570,541,367,116,23,33,X,29
"제주특별자치도","여자","합계",46570,40934,20864,10952,3624,4479,1015,5636
"제주특별자치도","여자","20세 미만",222,199,132,32,10,14,11,23
"제주특별자치도","여자","20~24",2084,1462,857,315,82,149,59,622
"제주특별자치도","여자","25~29",3941,2788,1273,835,234,378,68,1153
"제주특별자치도","여자","30~34",3300,2572,1213,710,276,305,68,728
"제주특별자치도","여자","35~39",2354,1946,961,491,205,246,43,408
"제주특별자치도","여자","40~44",2926,2487,1130,691,300,298,68,439
"제주특별자치도","여자","45~49",3069,2675,1254,719,286,352,64,394
"제주특별자치도","여자","50~54",4199,3738,1657,1063,436,486,96,461
"제주특별자치도","여자","55~59",4114,3736,1759,1027,375,460,115,378
"제주특별자치도","여자","60~64",4598,4261,1981,1240,415,496,129,337
"제주특별자치도","여자","65~69",4263,3986,1911,1184,364,424,103,277
"제주특별자치도","여자","70~74",3090,2951,1447,888,226,316,74,139
"제주특별자치도","여자","75~79",2907,2788,1575,753,159,241,60,119
"제주특별자치도","여자","80~84",2743,2652,1722,572,156,172,30,91
"제주특별자치도","여자","85세 이상",2760,2693,1992,432,100,142,27,67
