"행정구역별(시군구)","연령별",2019,2019,2019,2020,2020,2020,2021,2021,2021,2022,2022,2022,2023,2023,2023
"행정구역별(시군구)","연령별",1인가구,남자,여자,1인가구,남자,여자,1인가구,남자,여자,1인가구,남자,여자,1인가구,남자,여자
"전국","합계",6147516,3053733,3093783,6643354,3304398,3338956,7165788,3583770,3582018,7502350,3751071,3751279,7829035,3921561,3907474
"전국","20세 미만",59415,28591,30824,76202,35708,40494,54052,25015,29037,53088,25046,28042,48486,22706,25780
"전국","20~24",431750,194984,236766,492331,217262,275069,492845,217737,275108,485508,217651,267857,494745,222510,272235
"전국","25~29",685831,391896,293935,774580,432889,341691,870707,480989,389718,901044,489733,411311,910457,489169,421288
"전국","30~34",554883,354068,200815,618401,394553,223848,704883,446721,258162,774710,485985,288725,826902,513180,313722
"전국","35~39",480733,309622,171111,497117,320174,176943,521151,335937,185214,524136,338013,186123,527467,340600,186867
"전국","40~44",401653,256199,145454,427295,272915,154380,467949,299797,168152,494473,317089,177384,512605,328825,183780
"전국","45~49",470000,293435,176565,476521,299352,177169,482287,303753,178534,483104,302384,180720,476139,298738,177401
"전국","50~54",470795,280831,189964,497959,300477,197482,541978,327702,214276,568098,343545,224553,585587,354876,230711
"전국","55~59",528252,281601,246651,541536,294220,247316,558936,309288,249648,569407,316857,252550,598564,336326,262238
"전국","60~64",531357,243206,288151,580701,270517,310184,646566,306578,339988,675366,326155,349211,709976,351444,358532
"전국","65~69",401256,155021,246235,458284,180497,277787,529542,214596,314946,577241,239168,338073,644547,275745,368802
"전국","70~74",352769,107749,245020,382524,119128,263396,413137,132061,281076,442851,147234,295617,469016,162054,306962
"전국","75~79",343332,76987,266345,350191,79884,270307,358008,85037,272971,366133,90784,275349,391978,103057,288921
"전국","80~84",264647,49786,214861,278856,53063,225793,304030,59133,244897,339221,66810,272411,357144,72161,284983
"전국","85세 이상",170843,29757,141086,190856,33759,157097,219717,39426,180291,247970,44617,203353,275422,50170,225252
"읍부","합계",563446,295882,267564,620899,328162,292737,674454,358824,315630,694083,369273,324810,731125,390272,340853
"읍부","20세 미만",5014,2760,2254,6999,3629,3370,5187,2685,2502,4482,2340,2142,3749,2040,1709
"읍부","20~24",29470,15958,13512,37545,19664,17881,35790,19021,16769,33147,17909,15238,33721,18163,15558
"읍부","25~29",46020,30738,15282,53027,34853,18174,59805,38652,21153,59913,38262,21651,61269,38717,22552
"읍부","30~34",41034,29819,11215,46324,33612,12712,53125,38082,15043,55950,39577,16373,59998,42024,17974
"읍부","35~39",40417,29465,10952,42216,30795,11421,44331,32119,12212,43119,31243,11876,43688,31573,12115
"읍부","40~44",37214,26437,10777,40744,28952,11792,45537,32386,13151,46841,33272,13569,48583,34482,14101
"읍부","45~49",45985,30704,15281,47885,32268,15617,49346,33454,15892,49272,33217,16055,49539,33647,15892
"읍부","50~54",48335,29891,18444,52497,33000,19497,57939,36592,21347,60392,38490,21902,62871,40112,22759
"읍부","55~59",54431,30326,24105,57454,32414,25040,60605,34871,25734,61365,35511,25854,65764,38519,27245
"읍부","60~64",52333,25244,27089,58818,29204,29614,66886,33870,33016,70165,36263,33902,75251,39503,35748
"읍부","65~69",40003,16057,23946,46087,18887,27200,53765,22713,31052,58098,25349,32749,65406,29621,35785
"읍부","70~74",35745,11214,24531,39185,12694,26491,42839,14183,28656,45706,15818,29888,48405,17408,30997
"읍부","75~79",37341,8234,29107,37967,8477,29490,38724,9097,29627,38540,9603,28937,40975,11041,29934
"읍부","80~84",30057,5628,24429,31757,5853,25904,34585,6509,28076,38187,7312,30875,39957,7741,32216
"읍부","85세 이상",20047,3407,16640,22394,3860,18534,25990,4590,21400,28906,5107,23799,31949,5681,26268
"면부","합계",686531,323363,363168,721965,346313,375652,762310,371366,390944,784909,386984,397925,808317,404224,404093
"면부","20세 미만",4426,2432,1994,7747,4096,3651,4528,2223,2305,4919,2673,2246,3317,1796,1521
"면부","20~24",24731,14071,10660,30027,16604,13423,28664,16473,12191,27524,15952,11572,25514,14576,10938
"면부","25~29",29102,20815,8287,31675,22227,9448,35559,24792,10767,34821,24126,10695,34165,23520,10645
"면부","30~34",24859,18601,6258,26896,19929,6967,30488,22352,8136,31211,22748,8463,32757,23723,9034
"면부","35~39",25403,19091,6312,25800,19320,6480,26560,19745,6815,25838,19153,6685,25705,18967,6738
"면부","40~44",26211,19328,6883,27315,20213,7102,29209,21576,7633,30294,22395,7899,31261,23143,8118
"면부","45~49",37099,26582,10517,37741,27093,10648,37310,26779,10531,37230,26591,10639,36250,25899,10351
"면부","50~54",50676,33960,16716,52358,35490,16868,55142,37269,17873,55574,37758,17816,56048,38392,17656
"면부","55~59",67626,41635,25991,69076,43468,25608,70191,45040,25151,71357,46094,25263,74429,48214,26215
"면부","60~64",73256,40469,32787,80111,45487,34624,89398,51653,37745,94382,55803,38579,99547,60229,39318
"면부","65~69",60995,28064,32931,67413,32203,35210,76842,38354,38488,82884,42902,39982,92006,49090,42916
"면부","70~74",60484,20404,40080,63054,22040,41014,67019,24470,42549,70049,27349,42700,72836,30207,42629
"면부","75~79",76637,16547,60090,73722,16183,57539,71266,16631,54635,67408,17207,50201,67942,18992,48950
"면부","80~84",72521,12822,59699,72492,12840,59652,75878,13518,62360,80909,14582,66327,81091,14997,66094
"면부","85세 이상",52505,8542,43963,56538,9120,47418,64256,10491,53765,70509,11651,58858,75449,12479,62970
"동부","합계",4897539,2434488,2463051,5300490,2629923,2670567,5729024,2853580,2875444,6023358,2994814,3028544,6289593,3127065,3162528
"동부","20세 미만",49975,23399,26576,61456,27983,33473,44337,20107,24230,43687,20033,23654,41420,18870,22550
"동부","20~24",377549,164955,212594,424759,180994,243765,428391,182243,246148,424837,183790,241047,435510,189771,245739
"동부","25~29",610709,340343,270366,689878,375809,314069,775343,417545,357798,806310,427345,378965,815023,426932,388091
"동부","30~34",488990,305648,183342,545181,341012,204169,621270,386287,234983,687549,423660,263889,734147,447433,286714
"동부","35~39",414913,261066,153847,429101,270059,159042,450260,284073,166187,455179,287617,167562,458074,290060,168014
"동부","40~44",338228,210434,127794,359236,223750,135486,393203,245835,147368,417338,261422,155916,432761,271200,161561
"동부","45~49",386916,236149,150767,390895,239991,150904,395631,243520,152111,396602,242576,154026,390350,239192,151158
"동부","50~54",371784,216980,154804,393104,231987,161117,428897,253841,175056,452132,267297,184835,466668,276372,190296
"동부","55~59",406195,209640,196555,415006,218338,196668,428140,229377,198763,436685,235252,201433,458371,249593,208778
"동부","60~64",405768,177493,228275,441772,195826,245946,490282,221055,269227,510819,234089,276730,535178,251712,283466
"동부","65~69",300258,110900,189358,344784,129407,215377,398935,153529,245406,436259,170917,265342,487135,197034,290101
"동부","70~74",256540,76131,180409,280285,84394,195891,303279,93408,209871,327096,104067,223029,347775,114439,233336
"동부","75~79",229354,52206,177148,238502,55224,183278,248018,59309,188709,260185,63974,196211,283061,73024,210037
"동부","80~84",162069,31336,130733,174607,34370,140237,193567,39106,154461,220125,44916,175209,236096,49423,186673
"동부","85세 이상",98291,17808,80483,111924,20779,91145,129471,24345,105126,148555,27859,120696,168024,32010,136014
"서울특별시","합계",1299787,611561,688226,1390701,650999,739702,1489893,698324,791569,1564187,730639,833548,1627480,760084,867396
"서울특별시","20세 미만",12806,5010,7796,14185,5345,8840,10687,4021,6666,12872,5074,7798,12508,4966,7542
"서울특별시","20~24",116592,41263,75329,123990,42602,81388,126833,43490,83343,129586,45438,84148,132540,47317,85223
"서울특별시","25~29",216707,106618,110089,238517,114318,124199,263071,124539,138532,275723,128491,147232,283426,129889,153537
"서울특별시","30~34",166340,92561,73779,183573,102247,81326,204717,113310,91407,224798,123488,101310,240530,130881,109649
"서울특별시","35~39",121980,68322,53658,126485,70540,55945,131942,73811,58131,133594,74784,58810,136268,76295,59973
"서울특별시","40~44",85728,48156,37572,91518,51144,40374,99293,55555,43738,104993,58515,46478,109198,60636,48562
"서울특별시","45~49",90140,52545,37595,90186,52330,37856,89640,51706,37934,88732,50424,38308,86783,49170,37613
"서울특별시","50~54",78665,46217,32448,82704,48793,33911,89413,52407,37006,93831,54610,39221,96608,56124,40484
"서울특별시","55~59",84285,44855,39430,84976,46352,38624,86500,47858,38642,86408,47565,38843,88560,49124,39436
"서울특별시","60~64",88456,38575,49881,94834,42318,52516,102413,46587,55826,104578,48900,55678,106711,51605,55106
"서울특별시","65~69",67696,25180,42516,77047,28985,48062,88494,34324,54170,95561,37618,57943,104700,42435,62265
"서울특별시","70~74",61035,18463,42572,65469,20181,45288,69402,21800,47602,73327,23678,49649,77112,25664,51448
"서울특별시","75~79",51747,12486,39261,54109,13245,40864,57061,14397,42664,60023,15313,44710,64818,17197,47621
"서울특별시","80~84",35227,7167,28060,37968,7863,30105,42020,8983,33037,47777,10413,37364,51315,11495,39820
"서울특별시","85세 이상",22383,4143,18240,25140,4736,20404,28407,5536,22871,32384,6328,26056,36403,7286,29117
"부산광역시","합계",423227,191796,231431,455207,206311,248896,487362,222040,265322,511745,233037,278708,532509,241800,290709
"부산광역시","20세 미만",4781,2272,2509,4873,2210,2663,3274,1421,1853,3522,1537,1985,3386,1418,1968
"부산광역시","20~24",32388,13845,18543,36543,15362,21181,36967,15261,21706,37333,15748,21585,38614,16522,22092
"부산광역시","25~29",41339,22413,18926,46740,24621,22119,53212,27603,25609,55655,28244,27411,55974,27933,28041
"부산광역시","30~34",29525,17794,11731,33655,20296,13359,39647,23882,15765,44373,26508,17865,47227,27809,19418
"부산광역시","35~39",26674,16279,10395,27809,16917,10892,28877,17613,11264,29233,17916,11317,29186,17865,11321
"부산광역시","40~44",22725,13804,8921,24544,15010,9534,27218,16675,10543,29017,17711,11306,29902,18162,11740
"부산광역시","45~49",28559,16921,11638,28650,16979,11671,28461,16909,11552,28358,16836,11522,27595,16604,10991
"부산광역시","50~54",30209,17447,12762,31838,18453,13385,33971,19704,14267,35480,20546,14934,36185,20888,15297
"부산광역시","55~59",37779,18909,18870,37611,19225,18386,37536,19675,17861,37476,19701,17775,38524,20390,18134
"부산광역시","60~64",44513,18714,25799,46987,20026,26961,50051,21576,28475,50689,22336,28353,51376,23135,28241
"부산광역시","65~69",36399,13056,23343,41298,15015,26283,46192,17234,28958,49803,18857,30946,53910,20993,32917
"부산광역시","70~74",31214,8830,22384,34080,9789,24291,36853,10800,26053,39553,11967,27586,41628,13047,28581
"부산광역시","75~79",27926,6147,21779,28761,6395,22366,29123,6723,22400,30608,7289,23319,33398,8219,25179
"부산광역시","80~84",18886,3493,15393,20250,3872,16378,22651,4490,18161,25442,5042,20400,27704,5563,22141
"부산광역시","85세 이상",10310,1872,8438,11568,2141,9427,13329,2474,10855,15203,2799,12404,17900,3252,14648
"대구광역시","합계",284416,131500,152916,304543,140952,163591,326866,152723,174143,341667,159344,182323,359048,166945,192103
"대구광역시","20세 미만",3693,1651,2042,2757,1219,1538,2039,905,1134,2485,1070,1415,2487,1008,1479
"대구광역시","20~24",20916,9273,11643,21684,9202,12482,22083,9598,12485,22337,10021,12316,22708,9908,12800
"대구광역시","25~29",27730,15620,12110,31704,17456,14248,35514,19419,16095,36202,19339,16863,36340,19211,17129
"대구광역시","30~34",21138,13678,7460,23990,15489,8501,27563,17687,9876,30287,19356,10931,33032,20702,12330
"대구광역시","35~39",19196,12020,7176,19702,12459,7243,20654,13353,7301,20521,13407,7114,20777,13828,6949
"대구광역시","40~44",17148,10527,6621,18143,11244,6899,19357,11959,7398,20199,12578,7621,20812,12987,7825
"대구광역시","45~49",21858,13102,8756,21874,13208,8666,21873,13274,8599,21323,12841,8482,20674,12507,8167
"대구광역시","50~54",22983,13068,9915,24351,13982,10369,26009,14920,11089,26898,15363,11535,27303,15637,11666
"대구광역시","55~59",26846,12839,14007,27615,13571,14044,27999,14178,13821,28350,14512,13838,29671,15472,14199
"대구광역시","60~64",26831,10986,15845,29264,12107,17157,32418,13631,18787,33968,14397,19571,36226,15789,20437
"대구광역시","65~69",21470,7180,14290,24493,8256,16237,27636,9649,17987,29791,10745,19046,32200,12101,20099
"대구광역시","70~74",17663,4673,12990,19568,5310,14258,21693,5993,15700,23638,6753,16885,25494,7495,17999
"대구광역시","75~79",17164,3468,13696,17391,3545,13846,17391,3681,13710,17952,3910,14042,19703,4468,15235
"대구광역시","80~84",12559,2200,10359,13637,2396,11241,14898,2714,12184,16581,3052,13529,18262,3464,14798
"대구광역시","85세 이상",7221,1215,6006,8370,1508,6862,9739,1762,7977,11135,2000,9135,13359,2368,10991
"인천광역시","합계",297865,155137,142728,324841,168675,156166,355657,185694,169963,376392,195777,180615,395278,205194,190084
"인천광역시","20세 미만",1803,851,952,2510,1132,1378,2040,946,1094,1643,769,874,1447,665,782
"인천광역시","20~24",15019,6734,8285,17208,7512,9696,18002,8131,9871,17146,7863,9283,17023,7731,9292
"인천광역시","25~29",29114,17113,12001,34268,19536,14732,39351,22181,17170,40818,22403,18415,41117,22184,18933
"인천광역시","30~34",25370,16841,8529,28844,18969,9875,34119,22283,11836,39117,25207,13910,42811,27152,15659
"인천광역시","35~39",24992,16628,8364,25483,17076,8407,26996,18134,8862,27779,18450,9329,28643,19055,9588
"인천광역시","40~44",22235,14688,7547,23655,15500,8155,26065,17234,8831,27629,18311,9318,29198,19313,9885
"인천광역시","45~49",26476,17027,9449,26709,17368,9341,27001,17532,9469,27026,17477,9549,27003,17474,9529
"인천광역시","50~54",26102,16067,10035,27592,17090,10502,29864,18500,11364,31782,19695,12087,32782,20442,12340
"인천광역시","55~59",29383,15909,13474,30473,16753,13720,31584,17657,13927,31987,18076,13911,33328,18946,14382
"인천광역시","60~64",28723,13349,15374,31801,14901,16900,35785,16869,18916,37758,18056,19702,39416,19191,20225
"인천광역시","65~69",19645,7759,11886,22911,9335,13576,27344,11288,16056,30340,12599,17741,34530,14606,19924
"인천광역시","70~74",16738,5326,11412,18468,5969,12499,19652,6504,13148,21407,7340,14067,22726,7946,14780
"인천광역시","75~79",14735,3496,11239,15499,3823,11676,16333,4155,12178,17349,4599,12750,18678,5120,13558
"인천광역시","80~84",10645,2126,8519,11459,2247,9212,12460,2553,9907,14287,3013,11274,15175,3240,11935
"인천광역시","85세 이상",6885,1223,5662,7961,1464,6497,9061,1727,7334,10324,1919,8405,11401,2129,9272
"광주광역시","합계",182364,91221,91143,193948,96817,97131,212385,106566,105819,221464,110517,110947,228970,113705,115265
"광주광역시","20세 미만",2512,1110,1402,2761,1231,1530,2132,900,1232,1808,821,987,1631,731,900
"광주광역시","20~24",16440,7204,9236,17982,7548,10434,18368,7713,10655,17654,7511,10143,17670,7605,10065
"광주광역시","25~29",20768,11762,9006,23291,12753,10538,27151,14843,12308,28028,14974,13054,27500,14613,12887
"광주광역시","30~34",16414,10458,5956,17700,11320,6380,19940,12653,7287,22296,13965,8331,23424,14486,8938
"광주광역시","35~39",15563,10228,5335,15817,10407,5410,16565,10938,5627,16207,10610,5597,15616,10208,5408
"광주광역시","40~44",13061,8568,4493,13684,9019,4665,15024,9855,5169,15873,10419,5454,16166,10585,5581
"광주광역시","45~49",14674,9376,5298,14641,9456,5185,15418,10024,5394,15323,9935,5388,15073,9685,5388
"광주광역시","50~54",14432,8431,6001,14868,8933,5935,16576,10066,6510,17476,10529,6947,17776,10753,7023
"광주광역시","55~59",15298,7572,7726,15300,7752,7548,16216,8393,7823,16923,8895,8028,17994,9562,8432
"광주광역시","60~64",14295,6292,8003,15680,7020,8660,18100,8112,9988,18906,8401,10505,20071,9017,11054
"광주광역시","65~69",10476,3865,6611,11841,4435,7406,13592,5274,8318,14909,5882,9027,17035,6914,10121
"광주광역시","70~74",9497,2685,6812,10222,2928,7294,11272,3322,7950,11853,3614,8239,12498,3979,8519
"광주광역시","75~79",8809,1847,6962,9110,1989,7121,9397,2153,7244,9679,2279,7400,10590,2571,8019
"광주광역시","80~84",6273,1140,5133,6657,1247,5410,7496,1401,6095,8702,1635,7067,9305,1789,7516
"광주광역시","85세 이상",3852,683,3169,4394,779,3615,5138,919,4219,5827,1047,4780,6621,1207,5414
"대전광역시","합계",205165,104803,100362,228842,116257,112585,240932,123276,117656,249006,127218,121788,257934,131826,126108
"대전광역시","20세 미만",4913,2456,2457,7850,3804,4046,4726,2472,2254,3891,2087,1804,4059,2134,1925
"대전광역시","20~24",27957,13304,14653,35082,16480,18602,33596,15859,17737,31332,14738,16594,32554,15655,16899
"대전광역시","25~29",28985,17264,11721,32800,19139,13661,36499,21005,15494,38444,21923,16521,39698,22430,17268
"대전광역시","30~34",19615,12786,6829,21864,14274,7590,24422,15910,8512,26840,17192,9648,28467,17936,10531
"대전광역시","35~39",15021,9546,5475,15705,10008,5697,16425,10505,5920,16396,10586,5810,16461,10742,5719
"대전광역시","40~44",12324,7718,4606,12747,7989,4758,14094,8879,5215,14754,9279,5475,15074,9445,5629
"대전광역시","45~49",13873,8493,5380,14219,8728,5491,14288,8827,5461,14452,8879,5573,13971,8632,5339
"대전광역시","50~54",13886,7904,5982,14613,8413,6200,16149,9363,6786,17001,9965,7036,17164,10062,7102
"대전광역시","55~59",15383,7778,7605,15647,7979,7668,15950,8320,7630,16108,8469,7639,16699,8853,7846
"대전광역시","60~64",15485,6793,8692,16701,7373,9328,18517,8268,10249,19411,8725,10686,19677,9062,10615
"대전광역시","65~69",10949,4064,6885,12595,4730,7865,14707,5711,8996,16085,6354,9731,17420,7073,10347
"대전광역시","70~74",8828,2738,6090,9846,3081,6765,10731,3446,7285,11670,3854,7816,12132,4085,8047
"대전광역시","75~79",8160,1901,6259,8534,2008,6526,8800,2165,6635,8960,2224,6736,9657,2586,7071
"대전광역시","80~84",6047,1299,4748,6339,1360,4979,6960,1503,5457,7960,1785,6175,8432,1829,6603
"대전광역시","85세 이상",3739,759,2980,4300,891,3409,5068,1043,4025,5702,1158,4544,6469,1302,5167
"울산광역시","합계",116015,64303,51712,122848,68070,54778,133061,73677,59384,137096,75797,61299,141595,78502,63093
"울산광역시","20세 미만",931,490,441,611,361,250,409,228,181,328,160,168,342,175,167
"울산광역시","20~24",5526,3128,2398,5468,3018,2450,5494,2982,2512,5123,2750,2373,5054,2811,2243
"울산광역시","25~29",10831,7339,3492,12167,8019,4148,14239,9218,5021,14171,9230,4941,14148,9265,4883
"울산광역시","30~34",10060,7464,2596,10970,7992,2978,12378,8952,3426,13177,9397,3780,13944,9940,4004
"울산광역시","35~39",10012,7305,2707,9900,7273,2627,10146,7431,2715,9757,7162,2595,9404,6975,2429
"울산광역시","40~44",8883,6231,2652,9416,6643,2773,10115,7239,2876,10476,7533,2943,10721,7706,3015
"울산광역시","45~49",10753,7009,3744,10769,7119,3650,10697,7157,3540,10508,7056,3452,10358,7025,3333
"울산광역시","50~54",10771,6561,4210,11342,7044,4298,12150,7544,4606,12556,7892,4664,12802,8105,4697
"울산광역시","55~59",11822,6234,5588,12058,6485,5573,12308,6792,5516,12509,7044,5465,12923,7364,5559
"울산광역시","60~64",11674,5291,6383,12760,5937,6823,14149,6647,7502,14525,6911,7614,14912,7249,7663
"울산광역시","65~69",8190,3153,5037,9453,3655,5798,11072,4355,6717,12042,4806,7236,13187,5435,7752
"울산광역시","70~74",6097,1953,4144,6818,2225,4593,7646,2531,5115,8458,2889,5569,8952,3096,5856
"울산광역시","75~79",5173,1225,3948,5296,1250,4046,5640,1362,4278,5881,1503,4378,6444,1734,4710
"울산광역시","80~84",3346,604,2742,3670,699,2971,4077,795,3282,4685,959,3726,5150,1054,4096
"울산광역시","85세 이상",1946,316,1630,2150,350,1800,2541,444,2097,2900,505,2395,3254,568,2686
"세종특별자치시","합계",39078,20572,18506,43577,22724,20853,45706,23696,22010,50561,26446,24115,51655,26690,24965
"세종특별자치시","20세 미만",796,384,412,1330,669,661,673,336,337,813,401,412,753,364,389
"세종특별자치시","20~24",5479,2635,2844,6881,3297,3584,5031,2294,2737,5999,2958,3041,6211,2931,3280
"세종특별자치시","25~29",6073,3521,2552,6623,3688,2935,7282,3915,3367,7960,4358,3602,7768,4142,3626
"세종특별자치시","30~34",4864,3120,1744,5478,3489,1989,6546,4043,2503,7446,4539,2907,7596,4536,3060
"세종특별자치시","35~39",3734,2323,1411,3855,2426,1429,4251,2636,1615,4625,2901,1724,4606,2966,1640
"세종특별자치시","40~44",2889,1765,1124,3072,1841,1231,3556,2140,1416,3956,2413,1543,4043,2444,1599
"세종특별자치시","45~49",2936,1669,1267,3017,1745,1272,3243,1882,1361,3376,1907,1469,3402,1930,1472
"세종특별자치시","50~54",2623,1480,1143,2825,1574,1251,3309,1865,1444,3517,1957,1560,3549,1947,1602
"세종특별자치시","55~59",2429,1269,1160,2535,1317,1218,2680,1400,1280,2842,1470,1372,3029,1563,1466
"세종특별자치시","60~64",2148,957,1191,2321,1033,1288,2763,1242,1521,2908,1337,1571,3007,1445,1562
"세종특별자치시","65~69",1449,555,894,1686,655,1031,2065,831,1234,2323,941,1382,2594,1047,1547
"세종특별자치시","70~74",1141,356,785,1274,400,874,1410,465,945,1597,541,1056,1704,576,1128
"세종특별자치시","75~79",1089,263,826,1117,287,830,1132,283,849,1208,308,900,1271,345,926
"세종특별자치시","80~84",834,166,668,891,169,722,989,200,789,1141,238,903,1167,247,920
"세종특별자치시","85세 이상",594,109,485,672,134,538,776,164,612,850,177,673,955,207,748
"경기도","합계",1290893,696194,594699,1406010,758076,647934,1543100,835849,707251,1634147,882118,752029,1714629,926041,788588
"경기도","20세 미만",7590,3448,4142,8910,3885,5025,7055,3211,3844,8828,4165,4663,6341,2942,3399
"경기도","20~24",62973,29061,33912,71125,32036,39089,75866,34974,40892,79028,37116,41912,74070,34459,39611
"경기도","25~29",143503,88075,55428,165901,99420,66481,189191,112289,76902,194790,114092,80698,193786,112177,81609
"경기도","30~34",130162,89331,40831,147266,100520,46746,172403,116585,55818,190217,127060,63157,202773,133870,68903
"경기도","35~39",119825,81269,38556,124823,84639,40184,132097,89772,42325,133772,91070,42702,135039,92024,43015
"경기도","40~44",102842,67735,35107,109713,72288,37425,120607,79787,40820,127857,84823,43034,133400,88911,44489
"경기도","45~49",117392,75035,42357,119770,77270,42500,121881,78836,43045,122445,78838,43607,122051,78748,43303
"경기도","50~54",111353,67889,43464,118136,72926,45210,129783,80230,49553,137570,84796,52774,144030,89007,55023
"경기도","55~59",116975,63901,53074,121372,67432,53940,126334,71291,55043,130022,73782,56240,139536,80052,59484
"경기도","60~64",110259,51195,59064,122173,57891,64282,137512,66144,71368,145258,70989,74269,157321,78876,78445
"경기도","65~69",76574,30135,46439,89745,35917,53828,105996,43246,62750,117335,48680,68655,135889,58540,77349
"경기도","70~74",65253,20853,44400,71100,23000,48100,76003,25160,50843,82941,28453,54488,90361,32324,58037
"경기도","75~79",58022,14363,43659,60832,15256,45576,63890,16503,47387,67295,17761,49534,74470,20868,53602
"경기도","80~84",42249,8794,33455,45389,9656,35733,50166,10919,39247,56989,12428,44561,61177,13974,47203
"경기도","85세 이상",25921,5110,20811,29755,5940,23815,34316,6902,27414,39800,8065,31735,44385,9269,35116
"강원특별자치도","합계",208857,103974,104883,231371,115678,115693,245012,122646,122366,254441,127341,127100,271097,136553,134544
"강원특별자치도","20세 미만",1982,1131,851,4983,2694,2289,2923,1497,1426,1632,907,725,1525,835,690
"강원특별자치도","20~24",15984,9461,6523,21177,11611,9566,19613,10751,8862,18422,10265,8157,19720,10939,8781
"강원특별자치도","25~29",16968,10857,6111,19262,12232,7030,21764,13463,8301,22521,13664,8857,23309,14066,9243
"강원특별자치도","30~34",12063,7960,4103,13740,9032,4708,15525,10121,5404,17243,11097,6146,18656,12014,6642
"강원특별자치도","35~39",10751,6970,3781,11401,7438,3963,11925,7705,4220,11906,7799,4107,12327,8061,4266
"강원특별자치도","40~44",10663,6870,3793,11314,7284,4030,12277,7888,4389,12943,8207,4736,13584,8660,4924
"강원특별자치도","45~49",14226,8840,5386,14554,9139,5415,14644,9240,5404,14884,9329,5555,14898,9247,5651
"강원특별자치도","50~54",17213,10107,7106,18255,11010,7245,19414,11655,7759,20006,12033,7973,20761,12483,8278
"강원특별자치도","55~59",21936,11964,9972,22059,12130,9929,22599,12652,9947,22772,12774,9998,24231,13730,10501
"강원특별자치도","60~64",22177,11001,11176,24382,12228,12154,27400,14019,13381,28763,14946,13817,30485,16170,14315
"강원특별자치도","65~69",15994,6767,9227,18579,8091,10488,21836,9760,12076,23999,11020,12979,27684,13075,14609
"강원특별자치도","70~74",14631,4884,9747,14964,5051,9913,15515,5360,10155,17078,6053,11025,18509,6936,11573
"강원특별자치도","75~79",15193,3622,11571,15634,3761,11873,15864,3962,11902,15829,4157,11672,16778,4666,12112
"강원특별자치도","80~84",11573,2276,9297,12578,2482,10096,13895,2811,11084,15379,3127,12252,16175,3368,12807
"강원특별자치도","85세 이상",7503,1264,6239,8489,1495,6994,9818,1762,8056,11064,1963,9101,12455,2303,10152
"충청북도","합계",215196,111795,103401,236208,122465,113743,252251,131560,120691,260948,136768,124180,277373,146383,130990
"충청북도","20세 미만",2560,1508,1052,4594,2345,2249,2935,1396,1539,1947,1051,896,2025,1051,974
"충청북도","20~24",18411,10091,8320,22598,11688,10910,20114,10262,9852,17565,8861,8704,20842,10604,10238
"충청북도","25~29",22975,15443,7532,26232,17164,9068,29310,18722,10588,29960,18646,11314,30551,18919,11632
"충청북도","30~34",16506,11337,5169,18521,12866,5655,21237,14674,6563,23588,16421,7167,25777,17922,7855
"충청북도","35~39",13988,9483,4505,14585,9845,4740,15639,10739,4900,15742,10900,4842,16041,11127,4914
"충청북도","40~44",12328,8156,4172,12949,8591,4358,14131,9435,4696,15163,10230,4933,15982,10747,5235
"충청북도","45~49",15000,9534,5466,15312,9681,5631,15714,10030,5684,15880,10195,5685,15964,10234,5730
"충청북도","50~54",17124,10160,6964,17924,10754,7170,19609,11808,7801,20140,12222,7918,20571,12557,8014
"충청북도","55~59",19391,10461,8930,20327,11137,9190,21147,11828,9319,21806,12217,9589,23250,13144,10106
"충청북도","60~64",19324,9319,10005,21150,10236,10914,24239,12020,12219,25782,13090,12692,27235,14116,13119
"충청북도","65~69",13952,5671,8281,16282,6830,9452,19261,8312,10949,20951,9229,11722,23609,10837,12772
"충청북도","70~74",11982,3901,8081,12642,4149,8493,13544,4607,8937,14792,5369,9423,16186,6046,10140
"충청북도","75~79",13301,3122,10179,13505,3244,10261,13479,3325,10154,13375,3413,9962,13777,3836,9941
"충청북도","80~84",11244,2293,8951,11514,2421,9093,12457,2600,9857,13665,2871,10794,14038,2957,11081
"충청북도","85세 이상",7110,1316,5794,8073,1514,6559,9435,1802,7633,10592,2053,8539,11525,2286,9239
"충청남도","합계",280773,146305,134468,304973,159737,145236,327432,173247,154185,340741,181544,159197,354747,189517,165230
"충청남도","20세 미만",3328,1660,1668,5406,2386,3020,3749,1539,2210,3409,1660,1749,2791,1314,1477
"충청남도","20~24",22049,10285,11764,26316,11926,14390,25283,11501,13782,23999,11384,12615,25089,11682,13407
"충청남도","25~29",27337,17679,9658,30885,19786,11099,33983,21478,12505,34523,21714,12809,34675,21786,12889
"충청남도","30~34",23609,16838,6771,25522,18321,7201,28053,20041,8012,29871,21041,8830,31551,22180,9371
"충청남도","35~39",20087,14679,5408,20646,15170,5476,21961,16057,5904,22277,16191,6086,22472,16245,6227
"충청남도","40~44",16857,11872,4985,18007,12843,5164,20116,14449,5667,21353,15437,5916,22456,16296,6160
"충청남도","45~49",19618,13057,6561,20237,13567,6670,20917,14135,6782,21465,14409,7056,21392,14450,6942
"충청남도","50~54",20939,12913,8026,22102,13778,8324,24610,15550,9060,25668,16324,9344,26566,17041,9525
"충청남도","55~59",24523,13776,10747,25582,14652,10930,26341,15314,11027,27101,15823,11278,28540,16771,11769
"충청남도","60~64",23264,11505,11759,25799,13074,12725,30013,15591,14422,31877,16891,14986,33641,18132,15509
"충청남도","65~69",17806,7393,10413,20045,8591,11454,23273,10356,12917,25653,11766,13887,28577,13354,15223
"충청남도","70~74",16089,5242,10847,17619,5905,11714,19359,6646,12713,20590,7420,13170,21374,8000,13374
"충청남도","75~79",17591,4061,13530,17741,4169,13572,17870,4384,13486,17599,4628,12971,18381,5022,13359
"충청남도","80~84",16283,3164,13119,16295,3183,13112,17145,3397,13748,18880,3751,15129,19246,3871,15375
"충청남도","85세 이상",11393,2181,9212,12771,2386,10385,14759,2809,11950,16476,3105,13371,17996,3373,14623
"전라북도","합계",238746,112938,125808,255269,121764,133505,276153,132769,143384,284613,137085,147528,296799,143429,153370
"전라북도","20세 미만",3325,1857,1468,3798,2102,1696,3618,1970,1648,2582,1347,1235,2322,1226,1096
"전라북도","20~24",18745,10023,8722,21976,11473,10503,22397,11855,10542,20185,10806,9379,21255,11086,10169
"전라북도","25~29",18264,11107,7157,20906,12367,8539,23897,14080,9817,24560,14184,10376,25028,14329,10699
"전라북도","30~34",13680,8954,4726,15539,10214,5325,17778,11495,6283,19422,12503,6919,20493,13049,7444
"전라북도","35~39",13055,8867,4188,13402,9055,4347,14193,9453,4740,14203,9414,4789,14029,9259,4770
"전라북도","40~44",12650,8509,4141,13171,8829,4342,14324,9637,4687,14931,10059,4872,15261,10334,4927
"전라북도","45~49",16169,10472,5697,16426,10753,5673,16898,11018,5880,17249,11064,6185,16723,10766,5957
"전라북도","50~54",17679,10664,7015,18814,11493,7321,20469,12558,7911,21343,13178,8165,22058,13632,8426
"전라북도","55~59",20863,11331,9532,21310,11798,9512,22188,12495,9693,23030,13032,9998,24466,13969,10497
"전라북도","60~64",21482,10268,11214,23174,11212,11962,26076,12836,13240,27267,13654,13613,29089,14812,14277
"전라북도","65~69",17764,7115,10649,19255,7851,11404,21792,9187,12605,23628,10318,13310,26518,11944,14574
"전라북도","70~74",17445,5213,12232,19054,5887,13167,20482,6568,13914,20877,6991,13886,21563,7636,13927
"전라북도","75~79",19138,3822,15316,18834,3779,15055,19312,4112,15200,18701,4328,14373,19436,4840,14596
"전라북도","80~84",16813,2867,13946,16857,2877,13980,17900,3087,14813,20140,3443,16697,20533,3589,16944
"전라북도","85세 이상",11674,1869,9805,12753,2074,10679,14829,2418,12411,16495,2764,13731,18025,2958,15067
"전라남도","합계",238147,108878,129269,256633,120032,136601,274108,129377,144731,283429,134739,148690,294583,141776,152807
"전라남도","20세 미만",1869,1184,685,2647,1593,1054,1536,862,674,1242,690,552,1014,588,426
"전라남도","20~24",9384,5319,4065,12334,6766,5568,11570,6039,5531,9920,5318,4602,10028,5433,4595
"전라남도","25~29",13766,8383,5383,16345,9862,6483,18610,11152,7458,19095,11314,7781,19057,11198,7859
"전라남도","30~34",11382,7699,3683,12926,8877,4049,14721,10072,4649,16104,10816,5288,17266,11461,5805
"전라남도","35~39",12056,8528,3528,12505,8898,3607,12987,9039,3948,12792,8907,3885,12438,8628,3810
"전라남도","40~44",11373,7916,3457,12310,8728,3582,13586,9557,4029,14330,10039,4291,14677,10238,4439
"전라남도","45~49",15558,10350,5208,15922,10752,5170,16267,11080,5187,16507,11059,5448,16226,10908,5318
"전라남도","50~54",17954,11208,6746,19413,12374,7039,21134,13652,7482,21984,14251,7733,22774,14714,8060
"전라남도","55~59",21871,12347,9524,22648,13067,9581,24087,14138,9949,24936,14807,10129,26353,15899,10454
"전라남도","60~64",22165,11375,10790,24469,12741,11728,27725,14546,13179,29188,15587,13601,31447,17138,14309
"전라남도","65~69",18925,7870,11055,20765,9007,11758,23160,10464,12696,24882,11598,13284,27879,13567,14312
"전라남도","70~74",20232,5987,14245,21347,6531,14816,22745,7281,15464,23156,7967,15189,23860,8694,15166
"전라남도","75~79",24745,4810,19935,24219,4747,19472,23671,4893,18778,22904,5136,17768,23205,5668,17537
"전라남도","80~84",21501,3587,17914,22384,3625,18759,23855,3798,20057,25935,4215,21720,26129,4352,21777
"전라남도","85세 이상",15366,2315,13051,16399,2464,13935,18454,2804,15650,20454,3035,17419,22230,3290,18940
"경상북도","합계",360213,173198,187015,388791,188127,200664,416697,203647,213050,430969,212684,218285,444108,221404,222704
"경상북도","20세 미만",3771,2084,1687,5844,3114,2730,3995,2148,1847,3364,1859,1505,3276,1871,1405
"경상북도","20~24",24319,13410,10909,29604,15601,14003,28472,15237,13235,26795,14894,11901,29013,16091,12922
"경상북도","25~29",26897,17508,9389,30297,19367,10930,34013,21433,12580,34709,21703,13006,35224,22202,13022
"경상북도","30~34",22628,15816,6812,24494,17237,7257,27462,19242,8220,29109,20192,8917,30541,21020,9521
"경상북도","35~39",20881,14608,6273,21507,15055,6452,22470,15624,6846,22365,15596,6769,22219,15652,6567
"경상북도","40~44",19082,12864,6218,20220,13657,6563,22479,15201,7278,23684,16194,7490,24030,16444,7586
"경상북도","45~49",23674,15186,8488,24447,15713,8734,25361,16252,9109,25743,16414,9329,25178,16227,8951
"경상북도","50~54",27477,16347,11130,28856,17363,11493,31245,18877,12368,32391,19758,12633,32659,19986,12673
"경상북도","55~59",32941,17712,15229,34012,18683,15329,35534,19835,15699,36095,20410,15685,37401,21299,16102
"경상북도","60~64",33667,15966,17701,37436,18070,19366,41789,20673,21116,44054,22284,21770,45653,23576,22077
"경상북도","65~69",28502,11103,17399,31547,12580,18967,36190,15066,21124,38648,16870,21778,41393,18603,22790
"경상북도","70~74",24512,7419,17093,26971,8327,18644,30292,9704,20588,32753,10993,21760,33762,11795,21967
"경상북도","75~79",29105,5953,23152,28353,5820,22533,27584,5973,21611,26988,6309,20679,27425,6958,20467
"경상북도","80~84",25594,4450,21144,26305,4560,21745,27884,4884,23000,30208,5314,24894,30595,5526,25069
"경상북도","85세 이상",17163,2772,14391,18898,2980,15918,21927,3498,18429,24063,3894,20169,25739,4154,21585
"경상남도","합계",391421,191262,200159,417737,206071,211666,450490,223873,226617,468772,233713,235059,487491,244543,242948
"경상남도","20세 미만",2306,1283,1023,2508,1310,1198,1863,963,900,2219,1183,1036,2103,1164,939
"경상남도","20~24",16396,8649,7747,18449,9495,8954,19222,10146,9076,19214,10353,8861,18665,10131,8534
"경상남도","25~29",28261,17636,10625,31155,19112,12043,35268,21272,13996,35458,21115,14343,34706,20616,14090
"경상남도","30~34",25973,17965,8008,28225,19681,8544,31286,21520,9766,33319,22746,10573,34744,23452,11292
"경상남도","35~39",26687,18775,7912,27074,19072,8002,27421,19156,8265,26532,18427,8105,25929,18012,7917
"경상남도","40~44",24735,17067,7668,26380,18347,8033,28655,20042,8613,29924,20938,8986,30772,21514,9258
"경상남도","45~49",31122,20000,11122,31778,20687,11091,31960,21022,10938,31846,20925,10921,31268,20620,10648
"경상남도","50~54",33535,19726,13809,35644,21402,14242,38815,23487,15328,40628,24741,15887,42060,25758,16302
"경상남도","55~59",38608,20333,18275,39754,21295,18459,41203,22588,18615,41958,23230,18728,44639,24882,19757
"경상남도","60~64",39963,18251,21712,44047,20466,23581,49126,23474,25652,51453,25081,26372,54240,27260,26980
"경상남도","65~69",30881,12160,18721,35392,14188,21204,40605,16717,23888,44261,18771,25490,49668,21730,27938
"경상남도","70~74",26655,7928,18727,28948,8955,19993,32028,10271,21757,34365,11568,22797,36200,12870,23330
"경상남도","75~79",28061,5589,22472,27888,5680,22208,27769,5968,21801,27971,6555,21416,29832,7751,22081
"경상남도","80~84",22889,3620,19269,23865,3847,20018,26030,4329,21701,28044,4781,23263,29290,5135,24155
"경상남도","85세 이상",15349,2280,13069,16630,2534,14096,19239,2918,16321,21580,3299,18281,23375,3648,19727
"제주특별자치도","합계",75353,38296,37057,81855,41643,40212,88683,44806,43877,92172,46304,45868,93739,47169,46570
"제주특별자치도","20세 미만",449,212,237,635,308,327,398,200,198,503,265,238,476,254,222
"제주특별자치도","20~24",3172,1299,1873,3914,1645,2269,3934,1644,2290,3870,1627,2243,3689,1605,2084
"제주특별자치도","25~29",6313,3558,2755,7487,4049,3438,8352,4377,3975,8427,4339,4088,8150,4209,3941
"제주특별자치도","30~34",5554,3466,2088,6094,3729,2365,7086,4251,2835,7503,4457,3046,8070,4770,3300
"제주특별자치도","35~39",6231,3792,2439,6418,3896,2522,6602,3971,2631,6435,3893,2542,6012,3658,2354
"제주특별자치도","40~44",6130,3753,2377,6452,3958,2494,7052,4265,2787,7391,4403,2988,7329,4403,2926
"제주특별자치도","45~49",7972,4819,3153,8010,4857,3153,8024,4829,3195,7987,4796,3191,7580,4511,3069
"제주특별자치도","50~54",7850,4642,3208,8682,5095,3587,9458,5516,3942,9827,5685,4142,9939,5740,4199
"제주특별자치도","55~59",7919,4411,3508,8257,4592,3665,8730,4874,3856,9084,5050,4034,9420,5306,4114
"제주특별자치도","60~64",6931,3369,3562,7723,3884,3839,8490,4343,4147,8981,4570,4411,9469,4871,4598
"제주특별자치도","65~69",4584,1995,2589,5350,2376,2974,6327,2822,3505,7030,3114,3916,7754,3491,4263
"제주특별자치도","70~74",3757,1298,2459,4134,1440,2694,4510,1603,2907,4796,1784,3012,4955,1865,3090
"제주특별자치도","75~79",3373,812,2561,3368,886,2482,3692,998,2694,3811,1072,2739,4115,1208,2907
"제주특별자치도","80~84",2684,540,2144,2798,559,2239,3147,669,2478,3406,743,2663,3451,708,2743
"제주특별자치도","85세 이상",2434,330,2104,2533,369,2164,2881,444,2437,3121,506,2615,3330,570,2760
